timestamp,level,source,message,details
2026-04-19 13:12:24,INFO,GUI,[Start] Vui lòng kết nối đến Arduino trước.,
2026-04-19 13:12:24,INFO,GUI,[Start] Vui lòng kết nối đến Arduino trước.,
2026-04-19 13:12:25,INFO,GUI,[Start] Vui lòng kết nối đến Arduino trước.,
2026-04-19 13:12:25,INFO,GUI,[Start] Vui lòng kết nối đến Arduino trước.,
2026-04-19 13:12:25,INFO,GUI,[Start] Vui lòng kết nối đến Arduino trước.,
2026-04-19 13:12:25,INFO,GUI,[Start] Vui lòng kết nối đến Arduino trước.,
2026-04-19 13:12:25,INFO,GUI,[Start] Vui lòng kết nối đến Arduino trước.,
2026-04-19 13:12:26,INFO,GUI,[Start] Vui lòng kết nối đến Arduino trước.,
2026-04-19 13:12:26,INFO,GUI,[Start] Vui lòng kết nối đến Arduino trước.,
2026-04-19 13:12:26,INFO,GUI,[Start] Vui lòng kết nối đến Arduino trước.,
2026-04-19 13:18:51,INFO,GUI,[Start] Vui lòng kết nối đến Arduino trước.,
2026-04-19 13:19:02,INFO,GUI,[Connect] Đang kết nối /dev/ttyS31 @ 9600...,
2026-04-19 13:19:02,ERROR,ConnectionService,Connect failed,[Errno 13] could not open port /dev/ttyS31: [Errno 13] Permission denied: '/dev/ttyS31'
2026-04-19 13:19:02,INFO,GUI,[Connect] ✗ Kết nối thất bại - kiểm tra port hoặc Arduino.,
2026-04-19 13:22:36,INFO,GUI,[Start] Vui lòng kết nối đến Arduino trước.,
2026-04-19 13:27:49,INFO,GUI,Closed application,Closed application: finished
2026-04-19 13:36:06,INFO,GUI,[Start] Please connect to the Arduino first.,
2026-04-19 13:36:07,INFO,GUI,[Stop] Please connect to the Arduino first.,
2026-04-19 13:45:05,INFO,GUI,Closed application,Closed application: finished
2026-04-19 13:45:13,INFO,AccountManagerUI,Login in to user: system - Successfully.,
2026-04-19 13:46:35,INFO,GUI,[Refresh] Successfully refreshed COM port list.,
2026-04-19 13:46:37,INFO,GUI,[Connect] Connecting to /dev/ttyS31 @ 9600...,
2026-04-19 13:46:37,ERROR,ConnectionService,Connect failed,[Errno 13] could not open port /dev/ttyS31: [Errno 13] Permission denied: '/dev/ttyS31'
2026-04-19 13:46:37,INFO,GUI,[Connect] ✗ Connection failed - please check the port or Arduino.,
2026-04-19 13:47:03,INFO,GUI,[Connect] Connecting to /dev/ttyS31 @ 9600...,
2026-04-19 13:47:03,ERROR,ConnectionService,Connect failed,[Errno 13] could not open port /dev/ttyS31: [Errno 13] Permission denied: '/dev/ttyS31'
2026-04-19 13:47:03,INFO,GUI,[Connect] ✗ Connection failed - please check the port or Arduino.,
2026-04-19 13:47:54,INFO,GUI,Closed application,Closed application: finished
2026-04-19 13:48:56,INFO,GUI,[Connect] Connecting to /dev/ttyS31 @ 9600...,
2026-04-19 13:48:56,ERROR,ConnectionService,Connect failed,[Errno 13] could not open port /dev/ttyS31: [Errno 13] Permission denied: '/dev/ttyS31'
2026-04-19 13:48:56,INFO,GUI,[Connect] ✗ Connection failed - please check the port or Arduino.,
2026-04-19 13:54:23,INFO,GUI,Closed application,Closed application: finished
2026-04-19 13:54:28,INFO,GUI,[Connect] Connecting to /dev/ttyS31 @ 9600...,
2026-04-19 13:54:28,ERROR,ConnectionService,Connect failed,[Errno 13] could not open port /dev/ttyS31: [Errno 13] Permission denied: '/dev/ttyS31'
2026-04-19 13:54:28,INFO,GUI,[Connect] ✗ Connection failed - please check the port or Arduino.,
2026-04-19 13:54:30,INFO,GUI,[Connect] Connecting to /dev/ttyS31 @ 9600...,
2026-04-19 13:54:30,ERROR,ConnectionService,Connect failed,[Errno 13] could not open port /dev/ttyS31: [Errno 13] Permission denied: '/dev/ttyS31'
2026-04-19 13:54:30,INFO,GUI,[Connect] ✗ Connection failed - please check the port or Arduino.,
2026-04-19 13:54:30,INFO,GUI,[Connect] Connecting to /dev/ttyS31 @ 9600...,
2026-04-19 13:54:30,ERROR,ConnectionService,Connect failed,[Errno 13] could not open port /dev/ttyS31: [Errno 13] Permission denied: '/dev/ttyS31'
2026-04-19 13:54:30,INFO,GUI,[Connect] ✗ Connection failed - please check the port or Arduino.,
2026-04-19 13:54:30,INFO,GUI,[Connect] Connecting to /dev/ttyS31 @ 9600...,
2026-04-19 13:54:30,ERROR,ConnectionService,Connect failed,[Errno 13] could not open port /dev/ttyS31: [Errno 13] Permission denied: '/dev/ttyS31'
2026-04-19 13:54:30,INFO,GUI,[Connect] ✗ Connection failed - please check the port or Arduino.,
2026-04-19 13:54:30,INFO,GUI,[Connect] Connecting to /dev/ttyS31 @ 9600...,
2026-04-19 13:54:30,ERROR,ConnectionService,Connect failed,[Errno 13] could not open port /dev/ttyS31: [Errno 13] Permission denied: '/dev/ttyS31'
2026-04-19 13:54:30,INFO,GUI,[Connect] ✗ Connection failed - please check the port or Arduino.,
2026-04-19 13:54:31,INFO,GUI,[Connect] Connecting to /dev/ttyS31 @ 9600...,
2026-04-19 13:54:31,ERROR,ConnectionService,Connect failed,[Errno 13] could not open port /dev/ttyS31: [Errno 13] Permission denied: '/dev/ttyS31'
2026-04-19 13:54:31,INFO,GUI,[Connect] ✗ Connection failed - please check the port or Arduino.,
2026-04-19 13:54:31,INFO,GUI,[Connect] Connecting to /dev/ttyS31 @ 9600...,
2026-04-19 13:54:31,ERROR,ConnectionService,Connect failed,[Errno 13] could not open port /dev/ttyS31: [Errno 13] Permission denied: '/dev/ttyS31'
2026-04-19 13:54:31,INFO,GUI,[Connect] ✗ Connection failed - please check the port or Arduino.,
2026-04-19 13:56:21,INFO,GUI,Closed application,Closed application: finished
2026-04-19 13:57:04,INFO,GUI,[Start] Please connect to the Arduino first.,
2026-04-19 13:57:35,INFO,GUI,Closed application,Closed application: finished
2026-04-19 14:35:41,INFO,GUI,Closed application,Closed application: finished
2026-04-19 14:36:55,INFO,GUI,[Connect] Connecting to /dev/ttyS31 @ 9600...,
2026-04-19 14:36:55,ERROR,ConnectionService,Connect failed,[Errno 13] could not open port /dev/ttyS31: [Errno 13] Permission denied: '/dev/ttyS31'
2026-04-19 14:36:55,INFO,GUI,[Connect] ✗ Connection failed - please check the port or Arduino.,
2026-04-19 14:37:00,INFO,GUI,Closed application,Closed application: finished
2026-04-19 14:50:42,INFO,GUI,[Stop] Please connect to the Arduino first.,
2026-04-19 14:50:44,INFO,GUI,[Start] Please connect to the Arduino first.,
2026-04-19 14:50:46,INFO,GUI,[Connect] Connecting to /dev/ttyS31 @ 9600...,
2026-04-19 14:50:46,ERROR,ConnectionService,Connect failed,[Errno 13] could not open port /dev/ttyS31: [Errno 13] Permission denied: '/dev/ttyS31'
2026-04-19 14:50:46,INFO,GUI,[Connect] ✗ Connection failed - please check the port or Arduino.,
2026-04-19 14:50:49,INFO,GUI,Closed application,Closed application: finished
2026-04-19 15:24:27,INFO,GUI,Closed application,Closed application: finished
2026-04-19 15:25:31,INFO,GUI,Closed application,Closed application: finished
2026-04-19 15:27:15,INFO,GUI,Closed application,Closed application: finished
2026-04-19 15:28:05,INFO,GUI,[Connect] Connecting to COM1 @ 9600...,
2026-04-19 15:28:13,WARNING,ConnectionService,No response from Arduino on COM1,
2026-04-19 15:28:13,INFO,GUI,[Connect] ✗ Connection failed - please check the port or Arduino.,
2026-04-19 15:28:19,INFO,GUI,[Connect] Connecting to COM4 @ 9600...,
2026-04-19 15:28:24,ERROR,ConnectionService,Connect failed,"could not open port 'COM4': OSError(22, 'The semaphore timeout period has expired.', None, 121)"
2026-04-19 15:28:24,INFO,GUI,[Connect] ✗ Connection failed - please check the port or Arduino.,
2026-04-19 15:28:32,INFO,GUI,[Connect] Connecting to COM5 @ 9600...,
2026-04-19 15:28:36,ERROR,ConnectionService,Connect failed,Write timeout
2026-04-19 15:28:36,INFO,GUI,[Connect] ✗ Connection failed - please check the port or Arduino.,
2026-04-19 15:28:44,INFO,GUI,[Refresh] Successfully refreshed COM port list.,
2026-04-19 15:28:53,INFO,GUI,[Connect] Connecting to COM5 @ 9600...,
2026-04-19 15:28:53,ERROR,ConnectionService,Connect failed,"could not open port 'COM5': PermissionError(13, 'Access is denied.', None, 5)"
2026-04-19 15:28:53,INFO,GUI,[Connect] ✗ Connection failed - please check the port or Arduino.,
2026-04-19 15:29:07,INFO,GUI,[Connect] Connecting to COM5 @ 19200...,
2026-04-19 15:29:07,ERROR,ConnectionService,Connect failed,"could not open port 'COM5': PermissionError(13, 'Access is denied.', None, 5)"
2026-04-19 15:29:07,INFO,GUI,[Connect] ✗ Connection failed - please check the port or Arduino.,
2026-04-19 15:29:18,INFO,GUI,[Connect] Connecting to COM1 @ 9600...,
2026-04-19 15:29:22,WARNING,ConnectionService,No response from Arduino on COM1,
2026-04-19 15:29:22,INFO,GUI,[Connect] ✗ Connection failed - please check the port or Arduino.,
2026-04-19 15:29:27,INFO,GUI,[Connect] Connecting to COM4 @ 9600...,
2026-04-19 15:29:32,ERROR,ConnectionService,Connect failed,"could not open port 'COM4': OSError(22, 'The semaphore timeout period has expired.', None, 121)"
2026-04-19 15:29:32,INFO,GUI,[Connect] ✗ Connection failed - please check the port or Arduino.,
2026-04-19 15:29:53,INFO,GUI,Closed application,Closed application: finished
2026-04-19 15:34:07,INFO,GUI,[Connect] Connecting to COM1 @ 9600...,
2026-04-19 15:34:13,WARNING,ConnectionService,No response from Arduino on COM1,
2026-04-19 15:34:13,INFO,GUI,[Connect] ✗ Connection failed - please check the port or Arduino.,
2026-04-19 15:34:17,INFO,GUI,[Connect] Connecting to COM4 @ 9600...,
2026-04-19 15:34:22,ERROR,ConnectionService,Connect failed,"could not open port 'COM4': OSError(22, 'The semaphore timeout period has expired.', None, 121)"
2026-04-19 15:34:22,INFO,GUI,[Connect] ✗ Connection failed - please check the port or Arduino.,
2026-04-19 15:34:27,INFO,GUI,[Connect] Connecting to COM5 @ 9600...,
2026-04-19 15:34:30,ERROR,ConnectionService,Connect failed,Write timeout
2026-04-19 15:34:30,INFO,GUI,[Connect] ✗ Connection failed - please check the port or Arduino.,
2026-04-19 15:35:06,INFO,GUI,[Refresh] Successfully refreshed COM port list.,
2026-04-19 15:35:10,INFO,GUI,[Connect] Connecting to COM1 @ 115200...,
2026-04-19 15:35:14,WARNING,ConnectionService,No response from Arduino on COM1,
2026-04-19 15:35:14,INFO,GUI,[Connect] ✗ Connection failed - please check the port or Arduino.,
2026-04-19 15:37:45,INFO,GUI,[Connect] Connecting to COM1 @ 9600...,
2026-04-19 15:37:45,ERROR,ConnectionService,Connect failed,"could not open port 'COM1': PermissionError(13, 'Access is denied.', None, 5)"
2026-04-19 15:37:45,INFO,GUI,[Connect] ✗ Connection failed - please check the port or Arduino.,
2026-04-19 15:37:50,INFO,GUI,[Connect] Connecting to COM1 @ 9600...,
2026-04-19 15:37:50,ERROR,ConnectionService,Connect failed,"could not open port 'COM1': PermissionError(13, 'Access is denied.', None, 5)"
2026-04-19 15:37:50,INFO,GUI,[Connect] ✗ Connection failed - please check the port or Arduino.,
2026-04-19 15:38:59,INFO,GUI,[Refresh] Successfully refreshed COM port list.,
2026-04-19 15:38:59,INFO,GUI,[Refresh] Successfully refreshed COM port list.,
2026-04-19 15:38:59,INFO,GUI,[Refresh] Successfully refreshed COM port list.,
2026-04-19 15:38:59,INFO,GUI,[Refresh] Successfully refreshed COM port list.,
2026-04-19 15:39:02,INFO,GUI,[Connect] Connecting to COM5 @ 9600...,
2026-04-19 15:39:05,ERROR,ConnectionService,Connect failed,Write timeout
2026-04-19 15:39:05,INFO,GUI,[Connect] ✗ Connection failed - please check the port or Arduino.,
2026-04-19 15:39:14,INFO,GUI,Closed application,Closed application: finished
2026-04-19 15:39:24,ERROR,ConnectionService,Connect failed,Write timeout
2026-04-19 15:41:34,INFO,GUI,[Connect] Connecting to COM1 @ 9600...,
2026-04-19 15:41:35,ERROR,ConnectionService,Connect failed,"could not open port 'COM1': PermissionError(13, 'Access is denied.', None, 5)"
2026-04-19 15:41:35,INFO,GUI,[Connect] ✗ Connection failed - please check the port or Arduino.,
2026-04-19 15:43:31,INFO,GUI,[Refresh] Successfully refreshed COM port list.,
2026-04-19 15:43:37,INFO,GUI,[Connect] Connecting to COM3 @ 9600...,
2026-04-19 15:43:37,ERROR,ConnectionService,Connect failed,"could not open port 'COM3': PermissionError(13, 'Access is denied.', None, 5)"
2026-04-19 15:43:37,INFO,GUI,[Connect] ✗ Connection failed - please check the port or Arduino.,
2026-04-19 15:43:42,INFO,GUI,[Connect] Connecting to COM1 @ 9600...,
2026-04-19 15:43:46,WARNING,ConnectionService,No response from Arduino on COM1,
2026-04-19 15:43:46,INFO,GUI,[Connect] ✗ Connection failed - please check the port or Arduino.,
2026-04-19 15:43:50,INFO,GUI,[Connect] Connecting to COM3 @ 9600...,
2026-04-19 15:44:22,INFO,GUI,Closed application,Closed application: finished
2026-04-19 15:45:30,INFO,GUI,[Connect] Connecting to COM3 @ 9600...,
2026-04-19 15:46:05,INFO,GUI,Closed application,Closed application: finished
2026-04-19 15:47:24,ERROR,ConnectionService,Connect failed,"could not open port 'COM4': OSError(22, 'The semaphore timeout period has expired.', None, 121)"
2026-04-19 15:48:43,WARNING,ConnectionService,No response from Arduino on COM1,
2026-04-19 15:48:59,ERROR,ConnectionService,Connect failed,Write timeout
2026-04-19 15:49:14,WARNING,ConnectionService,No response from Arduino on COM1,
2026-04-19 15:49:36,WARNING,ConnectionService,No response from Arduino on COM1,
2026-04-19 15:49:45,INFO,GUI,[Refresh] Successfully refreshed COM port list.,
2026-04-19 15:49:45,INFO,GUI,[Refresh] Successfully refreshed COM port list.,
2026-04-19 15:49:48,INFO,GUI,[Connect] Connecting to COM3 @ 9600...,
2026-04-19 15:52:19,INFO,GUI,[Refresh] Successfully refreshed COM port list.,
2026-04-19 15:52:33,INFO,GUI,Closed application,Closed application: finished
2026-04-19 15:55:58,INFO,GUI,[Connect] Connecting to COM3 @ 9600...,
2026-04-19 15:55:58,ERROR,ConnectionService,Connect failed,"could not open port 'COM3': PermissionError(13, 'Access is denied.', None, 5)"
2026-04-19 15:55:58,INFO,GUI,[Connect] ✗ Connection failed - please check the port or Arduino.,
2026-04-19 15:56:02,INFO,GUI,[Connect] Connecting to COM1 @ 9600...,
2026-04-19 15:56:06,WARNING,ConnectionService,No response from Arduino on COM1,
2026-04-19 15:56:06,INFO,GUI,[Connect] ✗ Connection failed - please check the port or Arduino.,
2026-04-19 15:56:08,INFO,GUI,[Connect] Connecting to COM4 @ 9600...,
2026-04-19 15:56:31,INFO,GUI,[Refresh] Successfully refreshed COM port list.,
2026-04-19 15:56:38,INFO,GUI,Closed application,Closed application: finished
2026-04-19 16:00:42,INFO,GUI,[Connect] Connecting to COM3 @ 9600...,
2026-04-19 16:00:42,ERROR,ConnectionService,Connect failed,"could not open port 'COM3': PermissionError(13, 'Access is denied.', None, 5)"
2026-04-19 16:00:42,INFO,GUI,[Connect] ✗ Connection failed - please check the port or Arduino.,
2026-04-19 16:00:47,INFO,GUI,[Connect] Connecting to COM1 @ 9600...,
2026-04-19 16:00:51,WARNING,ConnectionService,No response from Arduino on COM1,
2026-04-19 16:00:51,INFO,GUI,[Connect] ✗ Connection failed - please check the port or Arduino.,
2026-04-19 17:28:01,INFO,GUI,[Connect] Connecting to COM3 @ 9600...,
2026-04-19 17:28:05,WARNING,ConnectionService,No response from Arduino on COM3,
2026-04-19 17:28:05,INFO,GUI,[Connect] ✗ Connection failed - please check the port or Arduino.,
2026-04-19 17:28:43,INFO,GUI,Closed application,Closed application: finished
2026-04-19 17:36:35,INFO,GUI,[Refresh] Successfully refreshed COM port list.,
2026-04-19 17:36:40,INFO,GUI,[Refresh] Successfully refreshed COM port list.,
2026-04-19 17:36:40,INFO,GUI,[Refresh] Successfully refreshed COM port list.,
2026-04-19 17:36:44,INFO,GUI,[Connect] Connecting to COM3 @ 9600...,
2026-04-19 17:36:48,INFO,ConnectionService,Handshake OK,"PV=0.00,SP=42.00,ERR=42.00,H=0,F=0,MODE=AUTO,ALARM=NONE"
2026-04-19 17:36:48,INFO,ConnectionService,Connected to COM3,
2026-04-19 17:36:48,INFO,GUI,[Connect] ✓ Connected to COM3 @ 9600.,
2026-04-19 17:37:27,INFO,GUI,Closed application,Closed application: finished
2026-04-19 17:37:27,INFO,GUI,[Telemetry] Error updating telemetry: Internal C++ object (PySide6.QtWidgets.QLabel) already deleted.,
2026-04-19 17:37:27,ERROR,ConnectionService,Read error,Internal C++ object (PySide6.QtWidgets.QTextEdit) already deleted.
2026-04-19 17:37:27,INFO,ConnectionService,Disconnected,
2026-04-19 17:40:44,INFO,GUI,[Connect] Connecting to COM3 @ 9600...,
2026-04-19 17:40:48,INFO,ConnectionService,Handshake OK,"PV=0.00,SP=42.00,ERR=42.00,H=0,F=0,MODE=AUTO,ALARM=NONE"
2026-04-19 17:40:48,INFO,ConnectionService,Connected to COM3,
2026-04-19 17:40:48,INFO,GUI,[Connect] ✓ Connected to COM3 @ 9600.,
2026-04-19 17:45:12,INFO,GUI,Closed application,Closed application: finished
2026-04-19 17:45:12,INFO,GUI,[Telemetry] Error updating telemetry: Internal C++ object (PySide6.QtWidgets.QLabel) already deleted.,
2026-04-19 17:45:12,ERROR,ConnectionService,Read error,Internal C++ object (PySide6.QtWidgets.QTextEdit) already deleted.
2026-04-19 17:45:12,INFO,ConnectionService,Disconnected,
2026-04-19 18:36:45,INFO,GUI,[Connect] Connecting to COM1 @ 9600...,
2026-04-19 18:36:49,WARNING,ConnectionService,No response from Arduino on COM1,
2026-04-19 18:36:49,INFO,GUI,[Connect] ✗ Connection failed - please check the port or Arduino.,
2026-04-19 18:36:52,INFO,GUI,[Connect] Connecting to COM3 @ 9600...,
2026-04-19 18:36:56,INFO,ConnectionService,Handshake OK,"PV=0.00,SP=42.00,ERR=42.00,H=0,F=0,MODE=AUTO,ALARM=NONE"
2026-04-19 18:36:56,INFO,ConnectionService,Connected to COM3,
2026-04-19 18:36:56,INFO,GUI,[Connect] ✓ Connected to COM3 @ 9600.,
2026-04-19 18:40:01,INFO,ConnectionService,Disconnected,
2026-04-19 18:40:01,INFO,GUI,[Connect] Disconnected.,
2026-04-19 18:40:04,INFO,GUI,[Connect] Connecting to COM3 @ 9600...,
2026-04-19 18:40:08,INFO,ConnectionService,Handshake OK,"PV=0.00,SP=42.00,ERR=42.00,H=0,F=0,MODE=AUTO,ALARM=NONE"
2026-04-19 18:40:08,INFO,ConnectionService,Connected to COM3,
2026-04-19 18:40:08,INFO,GUI,[Connect] ✓ Connected to COM3 @ 9600.,
2026-04-19 18:41:07,INFO,GUI,Closed application,Closed application: finished
2026-04-19 18:41:07,INFO,GUI,[Telemetry] Error updating telemetry: Internal C++ object (FigureCanvasQTAgg) already deleted.,
2026-04-19 18:41:30,INFO,GUI,[Connect] Connecting to COM3 @ 9600...,
2026-04-19 18:41:34,INFO,ConnectionService,Handshake OK,"PV=0.00,SP=42.00,ERR=42.00,H=0,F=0,MODE=AUTO,ALARM=NONE"
2026-04-19 18:41:34,INFO,ConnectionService,Connected to COM3,
2026-04-19 18:41:34,INFO,GUI,[Connect] ✓ Connected to COM3 @ 9600.,
2026-04-19 18:43:15,INFO,GUI,Closed application,Closed application: finished
2026-04-19 18:43:15,INFO,GUI,[Telemetry] Error updating telemetry: Internal C++ object (PySide6.QtWidgets.QLabel) already deleted.,
2026-04-19 18:43:15,INFO,GUI,[Telemetry] Error updating telemetry: Internal C++ object (PySide6.QtWidgets.QLabel) already deleted.,
2026-04-19 18:43:15,ERROR,ConnectionService,Read error,Internal C++ object (PySide6.QtWidgets.QTextEdit) already deleted.
2026-04-19 18:43:15,INFO,ConnectionService,Disconnected,
2026-04-19 22:26:48,INFO,GUI,[Connect] Connecting to COM1 @ 9600...,
2026-04-19 22:26:55,WARNING,ConnectionService,No response from Arduino on COM1,
2026-04-19 22:26:55,INFO,GUI,[Connect] ✗ Connection failed - please check the port or Arduino.,
2026-04-19 22:26:59,INFO,GUI,[Connect] Connecting to COM3 @ 9600...,
2026-04-19 22:26:59,ERROR,ConnectionService,Connect failed,"Cannot configure port, something went wrong. Original message: PermissionError(13, 'A device attached to the system is not functioning.', None, 31)"
2026-04-19 22:26:59,INFO,GUI,[Connect] ✗ Connection failed - please check the port or Arduino.,
2026-04-19 22:27:08,INFO,GUI,[Refresh] Successfully refreshed COM port list.,
2026-04-19 22:27:13,INFO,GUI,[Connect] Connecting to COM1 @ 9600...,
2026-04-19 22:27:17,WARNING,ConnectionService,No response from Arduino on COM1,
2026-04-19 22:27:17,INFO,GUI,[Connect] ✗ Connection failed - please check the port or Arduino.,
2026-04-19 22:27:32,INFO,GUI,[Connect] Connecting to COM3 @ 9600...,
2026-04-19 22:27:32,ERROR,ConnectionService,Connect failed,"Cannot configure port, something went wrong. Original message: PermissionError(13, 'A device attached to the system is not functioning.', None, 31)"
2026-04-19 22:27:32,INFO,GUI,[Connect] ✗ Connection failed - please check the port or Arduino.,
2026-04-19 22:27:33,INFO,GUI,[Connect] Connecting to COM3 @ 9600...,
2026-04-19 22:27:33,ERROR,ConnectionService,Connect failed,"Cannot configure port, something went wrong. Original message: PermissionError(13, 'A device attached to the system is not functioning.', None, 31)"
2026-04-19 22:27:33,INFO,GUI,[Connect] ✗ Connection failed - please check the port or Arduino.,
2026-04-19 22:28:55,INFO,GUI,[Refresh] Successfully refreshed COM port list.,
2026-04-19 22:28:56,INFO,GUI,[Refresh] Successfully refreshed COM port list.,
2026-04-19 22:28:56,INFO,GUI,[Refresh] Successfully refreshed COM port list.,
2026-04-19 22:28:56,INFO,GUI,[Refresh] Successfully refreshed COM port list.,
2026-04-19 22:28:56,INFO,GUI,[Refresh] Successfully refreshed COM port list.,
2026-04-19 22:28:58,INFO,GUI,[Refresh] Successfully refreshed COM port list.,
2026-04-19 22:29:02,INFO,GUI,[Refresh] Successfully refreshed COM port list.,
2026-04-19 22:29:02,INFO,GUI,[Refresh] Successfully refreshed COM port list.,
2026-04-19 22:29:02,INFO,GUI,[Refresh] Successfully refreshed COM port list.,
2026-04-19 22:29:02,INFO,GUI,[Refresh] Successfully refreshed COM port list.,
2026-04-19 22:29:06,INFO,GUI,[Connect] Connecting to COM1 @ 9600...,
2026-04-19 22:29:10,WARNING,ConnectionService,No response from Arduino on COM1,
2026-04-19 22:29:10,INFO,GUI,[Connect] ✗ Connection failed - please check the port or Arduino.,
2026-04-19 22:29:16,INFO,GUI,[Refresh] Successfully refreshed COM port list.,
2026-04-19 22:29:19,INFO,GUI,Closed application,Closed application: finished
2026-04-19 22:29:25,INFO,GUI,[Refresh] Successfully refreshed COM port list.,
2026-04-19 22:29:27,INFO,GUI,[Connect] Connecting to COM1 @ 9600...,
2026-04-19 22:29:31,WARNING,ConnectionService,No response from Arduino on COM1,
2026-04-19 22:29:31,INFO,GUI,[Connect] ✗ Connection failed - please check the port or Arduino.,
2026-04-19 22:30:01,INFO,GUI,[Refresh] Successfully refreshed COM port list.,
2026-04-19 22:30:04,INFO,GUI,[Connect] Connecting to COM3 @ 9600...,
2026-04-19 22:30:04,ERROR,ConnectionService,Connect failed,"could not open port 'COM3': FileNotFoundError(2, 'The system cannot find the file specified.', None, 2)"
2026-04-19 22:30:04,INFO,GUI,[Connect] ✗ Connection failed - please check the port or Arduino.,
2026-04-19 22:30:40,INFO,GUI,Closed application,Closed application: finished
2026-04-19 22:39:37,INFO,GUI,[Connect] Connecting to COM3 @ 9600...,
2026-04-19 22:39:41,INFO,ConnectionService,Handshake OK,"PV=0.00,SP=42.00,ERR=42.00,H=0,F=0,MODE=AUTO,ALARM=NONE"
2026-04-19 22:39:41,INFO,ConnectionService,Connected to COM3,
2026-04-19 22:39:41,INFO,GUI,[Connect] ✓ Connected to COM3 @ 9600.,
2026-04-19 22:40:39,INFO,ConnectionService,Disconnected,
2026-04-19 22:40:39,INFO,GUI,[Connect] Disconnected.,
2026-04-19 22:40:40,INFO,GUI,[Connect] Connecting to COM3 @ 9600...,
2026-04-19 22:40:44,WARNING,ConnectionService,No response from Arduino on COM3,
2026-04-19 22:40:44,INFO,GUI,[Connect] ✗ Connection failed - please check the port or Arduino.,
2026-04-19 22:41:08,INFO,GUI,[Connect] Connecting to COM3 @ 9600...,
2026-04-19 22:41:12,WARNING,ConnectionService,No response from Arduino on COM3,
2026-04-19 22:41:12,INFO,GUI,[Connect] ✗ Connection failed - please check the port or Arduino.,
2026-04-19 22:41:31,INFO,GUI,[Refresh] Successfully refreshed COM port list.,
2026-04-19 22:41:34,INFO,GUI,[Connect] Connecting to COM3 @ 9600...,
2026-04-19 22:41:38,INFO,ConnectionService,Handshake OK,"PV=0.00,SP=42.00,ERR=42.00,H=0,F=0,MODE=AUTO,ALARM=NONE"
2026-04-19 22:41:38,INFO,ConnectionService,Connected to COM3,
2026-04-19 22:41:38,INFO,GUI,[Connect] ✓ Connected to COM3 @ 9600.,
2026-04-19 22:42:52,INFO,GUI,[Refresh] Successfully refreshed COM port list.,
2026-04-19 22:43:05,INFO,ConnectionService,Disconnected,
2026-04-19 22:43:05,INFO,GUI,[Connect] Disconnected.,
2026-04-19 22:43:10,INFO,GUI,[Connect] Connecting to COM3 @ 9600...,
2026-04-19 22:43:14,INFO,ConnectionService,Handshake OK,"PV=0.00,SP=42.00,ERR=42.00,H=0,F=0,MODE=AUTO,ALARM=NONE"
2026-04-19 22:43:14,INFO,ConnectionService,Connected to COM3,
2026-04-19 22:43:14,INFO,GUI,[Connect] ✓ Connected to COM3 @ 9600.,
2026-04-19 22:48:05,INFO,ConnectionService,Disconnected,
2026-04-19 22:48:05,INFO,GUI,[Connect] Disconnected.,
2026-04-19 22:48:30,INFO,GUI,Closed application,Closed application: finished
2026-04-19 22:48:40,INFO,GUI,[Connect] Connecting to COM3 @ 9600...,
2026-04-19 22:48:44,INFO,ConnectionService,Handshake OK,"PV=0.00,SP=42.00,ERR=42.00,H=0,F=0,MODE=AUTO,ALARM=NONE"
2026-04-19 22:48:44,INFO,ConnectionService,Connected to COM3,
2026-04-19 22:48:44,INFO,GUI,[Connect] ✓ Connected to COM3 @ 9600.,
2026-04-19 22:49:18,INFO,GUI,[Connect] Connecting to COM1 @ 9600...,
2026-04-19 22:49:22,WARNING,ConnectionService,No response from Arduino on COM1,
2026-04-19 22:49:22,INFO,GUI,[Connect] ✗ Connection failed - please check the port or Arduino.,
2026-04-19 22:49:23,INFO,GUI,[Connect] Connecting to COM3 @ 9600...,
2026-04-19 22:49:26,INFO,ConnectionService,Handshake OK,"PV=0.00,SP=42.00,ERR=42.00,H=0,F=0,MODE=AUTO,ALARM=NONE"
2026-04-19 22:49:26,INFO,ConnectionService,Connected to COM3,
2026-04-19 22:49:26,INFO,GUI,[Connect] ✓ Connected to COM3 @ 9600.,
2026-04-19 22:52:37,INFO,GUI,[Connect] Connecting to COM3 @ 9600...,
2026-04-19 22:52:41,INFO,ConnectionService,Handshake OK,"PV=0.00,SP=42.00,ERR=42.00,H=0,F=0,MODE=AUTO,ALARM=NONE"
2026-04-19 22:52:41,INFO,ConnectionService,Connected to COM3,
2026-04-19 22:52:41,INFO,GUI,[Connect] ✓ Connected to COM3 @ 9600.,
2026-04-19 22:53:56,INFO,GUI,[Connect] Connecting to COM1 @ 9600...,
2026-04-19 22:54:01,WARNING,ConnectionService,No response from Arduino on COM1,
2026-04-19 22:54:01,INFO,GUI,[Connect] ✗ Connection failed - please check the port or Arduino.,
2026-04-19 22:54:02,INFO,GUI,[Connect] Connecting to COM3 @ 9600...,
2026-04-19 22:54:06,INFO,ConnectionService,Handshake OK,"PV=0.00,SP=42.00,ERR=42.00,H=0,F=0,MODE=AUTO,ALARM=NONE"
2026-04-19 22:54:06,INFO,ConnectionService,Connected to COM3,
2026-04-19 22:54:06,INFO,GUI,[Connect] ✓ Connected to COM3 @ 9600.,
2026-04-19 22:56:03,INFO,GUI,[Connect] Connecting to COM3 @ 9600...,
2026-04-19 22:56:07,INFO,ConnectionService,Handshake OK,"PV=0.00,SP=42.00,ERR=42.00,H=0,F=0,MODE=AUTO,ALARM=NONE"
2026-04-19 22:56:07,INFO,ConnectionService,Connected to COM3,
2026-04-19 22:56:07,INFO,GUI,[Connect] ✓ Connected to COM3 @ 9600.,
2026-04-19 22:58:21,INFO,GUI,[Connect] Connecting to COM3 @ 9600...,
2026-04-19 22:58:25,INFO,ConnectionService,Handshake OK,"PV=0.00,SP=42.00,ERR=42.00,H=0,F=0,MODE=AUTO,ALARM=NONE"
2026-04-19 22:58:25,INFO,ConnectionService,Connected to COM3,
2026-04-19 22:58:25,INFO,GUI,[Connect] ✓ Connected to COM3 @ 9600.,
2026-04-19 22:59:48,INFO,GUI,[Connect] Connecting to COM3 @ 9600...,
2026-04-19 22:59:52,INFO,ConnectionService,Handshake OK,"PV=0.00,SP=42.00,ERR=42.00,H=0,F=0,MODE=AUTO,ALARM=NONE"
2026-04-19 22:59:52,INFO,ConnectionService,Connected to COM3,
2026-04-19 22:59:52,INFO,GUI,[Connect] ✓ Connected to COM3 @ 9600.,
2026-04-19 23:00:57,INFO,GUI,[Connect] Connecting to COM3 @ 9600...,
2026-04-19 23:01:01,INFO,ConnectionService,Handshake OK,"PV=0.00,SP=42.00,ERR=42.00,H=0,F=0,MODE=AUTO,ALARM=NONE"
2026-04-19 23:01:01,INFO,ConnectionService,Connected to COM3,
2026-04-19 23:01:01,INFO,GUI,[Connect] ✓ Connected to COM3 @ 9600.,
2026-04-19 23:09:18,INFO,ConnectionService,Disconnected,
2026-04-19 23:09:18,INFO,GUI,[Connect] Disconnected.,
2026-04-19 23:09:19,INFO,GUI,Closed application,Closed application: finished
2026-04-19 23:09:36,INFO,GUI,[Connect] Connecting to COM3 @ 9600...,
2026-04-19 23:09:40,INFO,ConnectionService,Handshake OK,"PV=0.00,SP=42.00,ERR=42.00,H=0,F=0,MODE=AUTO,ALARM=NONE"
2026-04-19 23:09:40,INFO,ConnectionService,Connected to COM3,
2026-04-19 23:09:40,INFO,GUI,[Connect] ✓ Connected to COM3 @ 9600.,
2026-04-19 23:10:01,INFO,GUI,Closed application,Closed application: finished
2026-04-19 23:13:08,INFO,GUI,[Stop] Please connect to the Arduino first.,
2026-04-19 23:13:09,INFO,GUI,[Start] Please connect to the Arduino first.,
2026-04-19 23:13:13,INFO,GUI,[Connect] Connecting to COM1 @ 9600...,
2026-04-19 23:13:17,WARNING,ConnectionService,No response from Arduino on COM1,
2026-04-19 23:13:17,INFO,GUI,[Connect] ✗ Connection failed - please check the port or Arduino.,
2026-04-19 23:13:20,INFO,GUI,Closed application,Closed application: finished
2026-04-20 19:40:30,INFO,GUI,[Connect] Connecting to COM3 @ 9600...,
2026-04-20 19:40:35,WARNING,ConnectionService,No response from Arduino on COM3,
2026-04-20 19:40:35,INFO,GUI,[Connect] ✗ Connection failed - please check the port or Arduino.,
2026-04-20 19:40:39,INFO,GUI,[Connect] Connecting to COM1 @ 9600...,
2026-04-20 19:40:43,WARNING,ConnectionService,No response from Arduino on COM1,
2026-04-20 19:40:43,INFO,GUI,[Connect] ✗ Connection failed - please check the port or Arduino.,
2026-04-20 19:40:49,INFO,GUI,[Refresh] Successfully refreshed COM port list.,
2026-04-20 19:40:50,INFO,GUI,[Refresh] Successfully refreshed COM port list.,
2026-04-20 19:40:52,INFO,GUI,[Connect] Connecting to COM3 @ 9600...,
2026-04-20 19:40:56,WARNING,ConnectionService,No response from Arduino on COM3,
2026-04-20 19:40:56,INFO,GUI,[Connect] ✗ Connection failed - please check the port or Arduino.,
2026-04-20 19:41:18,INFO,GUI,[Refresh] Successfully refreshed COM port list.,
2026-04-20 19:41:18,INFO,GUI,[Refresh] Successfully refreshed COM port list.,
2026-04-20 19:41:18,INFO,GUI,[Refresh] Successfully refreshed COM port list.,
2026-04-20 19:41:18,INFO,GUI,[Refresh] Successfully refreshed COM port list.,
2026-04-20 19:41:19,INFO,GUI,[Refresh] Successfully refreshed COM port list.,
2026-04-20 19:41:19,INFO,GUI,[Refresh] Successfully refreshed COM port list.,
2026-04-20 19:41:21,INFO,GUI,[Connect] Connecting to COM3 @ 9600...,
2026-04-20 19:41:25,INFO,ConnectionService,Handshake OK,"PV=0.00,SP=42.00,ERR=42.00,H=0,F=0,MODE=AUTO,ALARM=NONE"
2026-04-20 19:41:25,INFO,ConnectionService,Connected to COM3,
2026-04-20 19:41:25,INFO,GUI,[Connect] ✓ Connected to COM3 @ 9600.,
2026-04-20 19:44:03,INFO,ConnectionService,Disconnected,
2026-04-20 19:44:03,INFO,GUI,[Connect] Disconnected.,
2026-04-20 19:44:04,INFO,GUI,Closed application,Closed application: finished
2026-04-20 22:58:22,INFO,AccountManagerUI,Login in to user: administrator - Successfully.,
2026-04-20 22:58:24,INFO,GUI,[Mode Change] Chế độ đã thay đổi thành Auto.,
2026-04-20 22:58:28,INFO,GUI,[Mode Change] Chế độ đã thay đổi thành Auto.,
2026-04-20 22:58:38,INFO,GUI,[Mode Change] Chế độ đã thay đổi thành Manual.,
2026-04-20 22:58:45,INFO,GUI,[Heater Control] Bật sưởi,
2026-04-20 22:58:45,INFO,GUI,[Heater Control] Bật sưởi,
2026-04-20 22:58:47,INFO,GUI,[Heater Control] Tắt sưởi,
2026-04-20 22:58:47,INFO,GUI,[Heater Control] Tắt sưởi,
2026-04-20 22:58:48,INFO,GUI,[Fan Control] Bật quạt,
2026-04-20 22:58:48,INFO,GUI,[Fan Control] Bật quạt,
2026-04-20 22:58:59,INFO,GUI,[Fan Control] Tắt quạt,
2026-04-20 22:58:59,INFO,GUI,[Fan Control] Tắt quạt,
2026-04-20 22:59:03,INFO,GUI,[Connect] Connecting to COM3 @ 9600...,
2026-04-20 22:59:07,INFO,ConnectionService,Handshake OK,"PV=0.00,SP=42.00,ERR=42.00,H=0,F=0,MODE=AUTO,ALARM=NONE"
2026-04-20 22:59:07,INFO,ConnectionService,Connected to COM3,
2026-04-20 22:59:07,INFO,GUI,[Connect] ✓ Connected to COM3 @ 9600.,
2026-04-20 22:59:10,INFO,GUI,[Fan Control] Bật quạt,
2026-04-20 22:59:10,INFO,GUI,[Fan Control] Bật quạt,
2026-04-20 22:59:15,INFO,GUI,[Fan Control] Tắt quạt,
2026-04-20 22:59:15,INFO,GUI,[Fan Control] Tắt quạt,
2026-04-20 22:59:16,INFO,GUI,[Buzzer Control] Bật buzzer/alarm,
2026-04-20 22:59:16,INFO,GUI,[Buzzer Control] Bật buzzer/alarm,
2026-04-20 22:59:17,INFO,GUI,[Buzzer Control] Tắt buzzer/alarm,
2026-04-20 22:59:17,INFO,GUI,[Buzzer Control] Tắt buzzer/alarm,
2026-04-20 22:59:18,INFO,GUI,[Buzzer Control] Bật buzzer/alarm,
2026-04-20 22:59:18,INFO,GUI,[Buzzer Control] Bật buzzer/alarm,
2026-04-20 22:59:19,INFO,GUI,[Buzzer Control] Tắt buzzer/alarm,
2026-04-20 22:59:19,INFO,GUI,[Buzzer Control] Tắt buzzer/alarm,
2026-04-20 22:59:20,INFO,GUI,[Heater Control] Bật sưởi,
2026-04-20 22:59:20,INFO,GUI,[Heater Control] Bật sưởi,
2026-04-20 22:59:21,INFO,GUI,[Heater Control] Tắt sưởi,
2026-04-20 22:59:21,INFO,GUI,[Heater Control] Tắt sưởi,
2026-04-20 22:59:22,INFO,GUI,[Fan Control] Bật quạt,
2026-04-20 22:59:22,INFO,GUI,[Fan Control] Bật quạt,
2026-04-20 22:59:22,INFO,GUI,[Fan Control] Tắt quạt,
2026-04-20 22:59:22,INFO,GUI,[Fan Control] Tắt quạt,
2026-04-20 22:59:24,INFO,GUI,[Mode Change] Chế độ đã thay đổi thành Dual.,
2026-04-20 22:59:26,INFO,GUI,[Mode Change] Chế độ đã thay đổi thành Auto.,
2026-04-20 22:59:27,INFO,GUI,[Mode Change] Chế độ đã thay đổi thành Manual.,
2026-04-20 22:59:28,INFO,GUI,[Fan Control] Bật quạt,
2026-04-20 22:59:28,INFO,GUI,[Fan Control] Bật quạt,
2026-04-20 22:59:29,INFO,GUI,[Heater Control] Bật sưởi,
2026-04-20 22:59:29,INFO,GUI,[Heater Control] Bật sưởi,
2026-04-20 22:59:30,INFO,GUI,[Buzzer Control] Bật buzzer/alarm,
2026-04-20 22:59:30,INFO,GUI,[Buzzer Control] Bật buzzer/alarm,
2026-04-20 22:59:33,INFO,GUI,[Heater Control] Tắt sưởi,
2026-04-20 22:59:33,INFO,GUI,[Heater Control] Tắt sưởi,
2026-04-20 22:59:35,INFO,GUI,[Fan Control] Tắt quạt,
2026-04-20 22:59:35,INFO,GUI,[Fan Control] Tắt quạt,
2026-04-20 22:59:42,INFO,GUI,[Fan Control] Bật quạt,
2026-04-20 22:59:42,INFO,GUI,[Fan Control] Bật quạt,
2026-04-20 22:59:42,INFO,GUI,[Fan Control] Tắt quạt,
2026-04-20 22:59:42,INFO,GUI,[Fan Control] Tắt quạt,
2026-04-20 22:59:43,INFO,GUI,[Heater Control] Bật sưởi,
2026-04-20 22:59:43,INFO,GUI,[Heater Control] Bật sưởi,
2026-04-20 22:59:43,INFO,GUI,[Heater Control] Tắt sưởi,
2026-04-20 22:59:43,INFO,GUI,[Heater Control] Tắt sưởi,
2026-04-20 22:59:45,INFO,GUI,[Heater Control] Bật sưởi,
2026-04-20 22:59:45,INFO,GUI,[Heater Control] Bật sưởi,
2026-04-20 22:59:59,INFO,ConnectionService,Disconnected,
2026-04-20 22:59:59,INFO,GUI,[Connect] Disconnected.,
2026-04-20 23:00:05,INFO,GUI,[Connect] Connecting to COM3 @ 9600...,
2026-04-20 23:00:09,INFO,ConnectionService,Handshake OK,"PV=0.00,SP=42.00,ERR=42.00,H=0,F=0,MODE=AUTO,ALARM=NONE"
2026-04-20 23:00:09,INFO,ConnectionService,Connected to COM3,
2026-04-20 23:00:09,INFO,GUI,[Connect] ✓ Connected to COM3 @ 9600.,
2026-04-20 23:00:18,INFO,GUI,[Heater Control] Tắt sưởi,
2026-04-20 23:00:18,INFO,GUI,[Heater Control] Tắt sưởi,
2026-04-20 23:00:18,INFO,GUI,[Fan Control] Bật quạt,
2026-04-20 23:00:18,INFO,GUI,[Fan Control] Bật quạt,
2026-04-20 23:00:19,INFO,GUI,[Fan Control] Tắt quạt,
2026-04-20 23:00:19,INFO,GUI,[Fan Control] Tắt quạt,
2026-04-20 23:00:20,INFO,GUI,[Fan Control] Bật quạt,
2026-04-20 23:00:20,INFO,GUI,[Fan Control] Bật quạt,
2026-04-20 23:00:21,INFO,GUI,[Fan Control] Tắt quạt,
2026-04-20 23:00:21,INFO,GUI,[Fan Control] Tắt quạt,
2026-04-20 23:03:26,INFO,GUI,[Buzzer Control] Tắt buzzer/alarm,
2026-04-20 23:03:26,INFO,GUI,[Buzzer Control] Tắt buzzer/alarm,
2026-04-20 23:03:35,INFO,GUI,[Buzzer Control] Bật buzzer/alarm,
2026-04-20 23:03:35,INFO,GUI,[Buzzer Control] Bật buzzer/alarm,
2026-04-20 23:03:35,INFO,GUI,[Buzzer Control] Tắt buzzer/alarm,
2026-04-20 23:03:35,INFO,GUI,[Buzzer Control] Tắt buzzer/alarm,
2026-04-20 23:03:36,INFO,GUI,[Buzzer Control] Bật buzzer/alarm,
2026-04-20 23:03:36,INFO,GUI,[Buzzer Control] Bật buzzer/alarm,
2026-04-20 23:03:36,INFO,GUI,[Heater Control] Bật sưởi,
2026-04-20 23:03:36,INFO,GUI,[Heater Control] Bật sưởi,
2026-04-20 23:03:37,INFO,GUI,[Fan Control] Bật quạt,
2026-04-20 23:03:37,INFO,GUI,[Fan Control] Bật quạt,
2026-04-20 23:03:39,INFO,GUI,[Mode Change] Chế độ đã thay đổi thành Auto.,
2026-04-20 23:03:40,INFO,GUI,[Mode Change] Chế độ đã thay đổi thành Manual.,
2026-04-20 23:03:41,INFO,GUI,[Fan Control] Tắt quạt,
2026-04-20 23:03:41,INFO,GUI,[Fan Control] Tắt quạt,
2026-04-20 23:03:41,INFO,GUI,[Heater Control] Tắt sưởi,
2026-04-20 23:03:41,INFO,GUI,[Heater Control] Tắt sưởi,
2026-04-20 23:03:42,INFO,GUI,[Buzzer Control] Tắt buzzer/alarm,
2026-04-20 23:03:42,INFO,GUI,[Buzzer Control] Tắt buzzer/alarm,
2026-04-20 23:03:44,INFO,GUI,[Mode Change] Chế độ đã thay đổi thành Auto.,
2026-04-20 23:03:45,INFO,GUI,[Mode Change] Chế độ đã thay đổi thành Manual.,
2026-04-20 23:03:49,INFO,GUI,[Fan Control] Bật quạt,
2026-04-20 23:03:49,INFO,GUI,[Fan Control] Bật quạt,
2026-04-20 23:03:56,INFO,GUI,[Buzzer Control] Bật buzzer/alarm,
2026-04-20 23:03:56,INFO,GUI,[Buzzer Control] Bật buzzer/alarm,
2026-04-20 23:03:58,INFO,GUI,[Buzzer Control] Tắt buzzer/alarm,
2026-04-20 23:03:58,INFO,GUI,[Buzzer Control] Tắt buzzer/alarm,
2026-04-20 23:04:00,INFO,GUI,[Heater Control] Bật sưởi,
2026-04-20 23:04:00,INFO,GUI,[Heater Control] Bật sưởi,
2026-04-20 23:04:00,INFO,GUI,[Heater Control] Tắt sưởi,
2026-04-20 23:04:00,INFO,GUI,[Heater Control] Tắt sưởi,
2026-04-20 23:04:02,INFO,GUI,[Fan Control] Tắt quạt,
2026-04-20 23:04:02,INFO,GUI,[Fan Control] Tắt quạt,
2026-04-20 23:05:43,INFO,ConnectionService,Disconnected,
2026-04-20 23:05:43,INFO,GUI,[Connect] Disconnected.,
2026-04-20 23:06:00,INFO,GUI,[Connect] Connecting to COM3 @ 9600...,
2026-04-20 23:06:03,INFO,ConnectionService,Handshake OK,"PV=0.00,SP=42.00,ERR=42.00,H=0,F=0,MODE=AUTO,ALARM=NONE"
2026-04-20 23:06:03,INFO,ConnectionService,Connected to COM3,
2026-04-20 23:06:03,INFO,GUI,[Connect] ✓ Connected to COM3 @ 9600.,
2026-04-20 23:06:07,INFO,GUI,[Fan Control] Bật quạt,
2026-04-20 23:06:07,INFO,GUI,[Fan Control] Bật quạt,
2026-04-20 23:06:08,INFO,GUI,[Heater Control] Bật sưởi,
2026-04-20 23:06:08,INFO,GUI,[Heater Control] Bật sưởi,
2026-04-20 23:06:09,INFO,GUI,[Buzzer Control] Bật buzzer/alarm,
2026-04-20 23:06:09,INFO,GUI,[Buzzer Control] Bật buzzer/alarm,
2026-04-20 23:06:09,INFO,GUI,[Buzzer Control] Tắt buzzer/alarm,
2026-04-20 23:06:09,INFO,GUI,[Buzzer Control] Tắt buzzer/alarm,
2026-04-20 23:06:10,INFO,GUI,[Heater Control] Tắt sưởi,
2026-04-20 23:06:10,INFO,GUI,[Heater Control] Tắt sưởi,
2026-04-20 23:06:11,INFO,GUI,[Fan Control] Tắt quạt,
2026-04-20 23:06:11,INFO,GUI,[Fan Control] Tắt quạt,
2026-04-20 23:06:11,INFO,GUI,[Heater Control] Bật sưởi,
2026-04-20 23:06:11,INFO,GUI,[Heater Control] Bật sưởi,
2026-04-20 23:06:12,INFO,GUI,[Fan Control] Bật quạt,
2026-04-20 23:06:12,INFO,GUI,[Fan Control] Bật quạt,
2026-04-20 23:06:23,INFO,GUI,[Heater Control] Tắt sưởi,
2026-04-20 23:06:23,INFO,GUI,[Heater Control] Tắt sưởi,
2026-04-20 23:06:24,INFO,GUI,[Buzzer Control] Bật buzzer/alarm,
2026-04-20 23:06:24,INFO,GUI,[Buzzer Control] Bật buzzer/alarm,
2026-04-20 23:06:25,INFO,GUI,[Fan Control] Tắt quạt,
2026-04-20 23:06:25,INFO,GUI,[Fan Control] Tắt quạt,
2026-04-20 23:11:37,INFO,GUI,Closed application,Closed application: finished
2026-04-20 23:11:37,INFO,GUI,[Telemetry] Error updating telemetry: Internal C++ object (PySide6.QtWidgets.QLabel) already deleted.,
2026-04-20 23:11:42,INFO,GUI,[Connect] Connecting to COM1 @ 9600...,
2026-04-20 23:11:46,WARNING,ConnectionService,No response from Arduino on COM1,
2026-04-20 23:11:46,INFO,GUI,[Connect] ✗ Connection failed - please check the port or Arduino.,
2026-04-20 23:11:49,INFO,GUI,[Connect] Connecting to COM3 @ 9600...,
2026-04-20 23:11:52,INFO,ConnectionService,Handshake OK,"PV=0.00,SP=42.00,ERR=42.00,H=0,F=0,MODE=AUTO,ALARM=NONE"
2026-04-20 23:11:52,INFO,ConnectionService,Connected to COM3,
2026-04-20 23:11:52,INFO,GUI,[Connect] ✓ Connected to COM3 @ 9600.,
2026-04-20 23:11:56,INFO,AccountManagerUI,Login in to user: administrator - Successfully.,
2026-04-20 23:11:57,INFO,GUI,[Mode Change] Chế độ đã thay đổi thành Auto.,
2026-04-20 23:11:57,INFO,GUI,[Mode Change] Chế độ đã thay đổi thành Auto.,
2026-04-20 23:12:01,INFO,GUI,[Mode Change] Chế độ đã thay đổi thành Manual.,
2026-04-20 23:12:02,INFO,GUI,[Heater Control] Bật sưởi,
2026-04-20 23:12:02,INFO,GUI,[Heater Control] Bật sưởi,
2026-04-20 23:12:03,INFO,GUI,[Buzzer Control] Bật buzzer/alarm,
2026-04-20 23:12:03,INFO,GUI,[Buzzer Control] Bật buzzer/alarm,
2026-04-20 23:12:03,INFO,GUI,[Buzzer Control] Tắt buzzer/alarm,
2026-04-20 23:12:03,INFO,GUI,[Buzzer Control] Tắt buzzer/alarm,
2026-04-20 23:12:04,INFO,GUI,[Heater Control] Tắt sưởi,
2026-04-20 23:12:04,INFO,GUI,[Heater Control] Tắt sưởi,
2026-04-20 23:12:04,INFO,GUI,[Fan Control] Bật quạt,
2026-04-20 23:12:04,INFO,GUI,[Fan Control] Bật quạt,
2026-04-20 23:12:04,INFO,GUI,[Fan Control] Tắt quạt,
2026-04-20 23:12:04,INFO,GUI,[Fan Control] Tắt quạt,
2026-04-20 23:12:07,INFO,GUI,Closed application,Closed application: finished
2026-04-20 23:12:07,INFO,GUI,[Telemetry] Error updating telemetry: Internal C++ object (PySide6.QtWidgets.QLabel) already deleted.,
2026-04-20 23:14:01,INFO,GUI,[Connect] Connecting to COM3 @ 9600...,
2026-04-20 23:14:11,INFO,ConnectionService,Handshake OK,"PV=0.00,SP=42.00,ERR=42.00,H=0,F=0,MODE=AUTO,ALARM=NONE"
2026-04-20 23:14:11,INFO,ConnectionService,Connected to COM3,
2026-04-20 23:14:11,INFO,GUI,[Connect] ✓ Connected to COM3 @ 9600.,
2026-04-20 23:14:18,INFO,AccountManagerUI,Login in to user: administrator - Successfully.,
2026-04-20 23:14:19,INFO,GUI,[Mode Change] Chế độ đã thay đổi thành Manual.,
2026-04-20 23:14:19,INFO,GUI,[Mode Change] Chế độ đã thay đổi thành Manual.,
2026-04-20 23:14:19,INFO,GUI,[Mode Change] Chế độ đã thay đổi thành Manual.,
2026-04-20 23:14:19,INFO,GUI,[Mode Change] Chế độ đã thay đổi thành Manual.,
2026-04-20 23:14:21,INFO,GUI,[Fan Control] Bật quạt,
2026-04-20 23:14:21,INFO,GUI,[Fan Control] Bật quạt,
2026-04-20 23:14:22,INFO,GUI,[Fan Control] Tắt quạt,
2026-04-20 23:14:22,INFO,GUI,[Fan Control] Tắt quạt,
2026-04-20 23:14:22,INFO,GUI,[Heater Control] Bật sưởi,
2026-04-20 23:14:22,INFO,GUI,[Heater Control] Bật sưởi,
2026-04-20 23:14:23,INFO,GUI,[Heater Control] Tắt sưởi,
2026-04-20 23:14:23,INFO,GUI,[Heater Control] Tắt sưởi,
2026-04-20 23:14:23,INFO,GUI,[Buzzer Control] Bật buzzer/alarm,
2026-04-20 23:14:23,INFO,GUI,[Buzzer Control] Bật buzzer/alarm,
2026-04-20 23:14:26,INFO,GUI,[Buzzer Control] Tắt buzzer/alarm,
2026-04-20 23:14:26,INFO,GUI,[Buzzer Control] Tắt buzzer/alarm,
2026-04-20 23:14:26,INFO,GUI,[Buzzer Control] Bật buzzer/alarm,
2026-04-20 23:14:26,INFO,GUI,[Buzzer Control] Bật buzzer/alarm,
2026-04-20 23:14:26,INFO,GUI,[Buzzer Control] Tắt buzzer/alarm,
2026-04-20 23:14:26,INFO,GUI,[Buzzer Control] Tắt buzzer/alarm,
2026-04-20 23:14:26,INFO,GUI,[Buzzer Control] Bật buzzer/alarm,
2026-04-20 23:14:26,INFO,GUI,[Buzzer Control] Bật buzzer/alarm,
2026-04-20 23:14:26,INFO,GUI,[Buzzer Control] Tắt buzzer/alarm,
2026-04-20 23:14:26,INFO,GUI,[Buzzer Control] Tắt buzzer/alarm,
2026-04-20 23:14:27,INFO,GUI,[Buzzer Control] Bật buzzer/alarm,
2026-04-20 23:14:27,INFO,GUI,[Buzzer Control] Bật buzzer/alarm,
2026-04-20 23:14:27,INFO,GUI,[Buzzer Control] Tắt buzzer/alarm,
2026-04-20 23:14:27,INFO,GUI,[Buzzer Control] Tắt buzzer/alarm,
2026-04-20 23:14:27,INFO,GUI,[Buzzer Control] Bật buzzer/alarm,
2026-04-20 23:14:27,INFO,GUI,[Buzzer Control] Bật buzzer/alarm,
2026-04-20 23:14:28,INFO,GUI,[Buzzer Control] Tắt buzzer/alarm,
2026-04-20 23:14:28,INFO,GUI,[Buzzer Control] Tắt buzzer/alarm,
2026-04-20 23:14:29,INFO,GUI,[Buzzer Control] Bật buzzer/alarm,
2026-04-20 23:14:29,INFO,GUI,[Buzzer Control] Bật buzzer/alarm,
2026-04-20 23:14:31,INFO,GUI,[Buzzer Control] Tắt buzzer/alarm,
2026-04-20 23:14:31,INFO,GUI,[Buzzer Control] Tắt buzzer/alarm,
2026-04-20 23:14:32,INFO,GUI,[Buzzer Control] Bật buzzer/alarm,
2026-04-20 23:14:32,INFO,GUI,[Buzzer Control] Bật buzzer/alarm,
2026-04-20 23:16:36,INFO,GUI,Closed application,Closed application: finished
2026-04-20 23:16:46,INFO,GUI,[Connect] Connecting to COM3 @ 9600...,
2026-04-20 23:16:50,INFO,ConnectionService,Handshake OK,"PV=0.00,SP=42.00,ERR=42.00,H=0,F=0,MODE=AUTO,ALARM=NONE"
2026-04-20 23:16:50,INFO,ConnectionService,Connected to COM3,
2026-04-20 23:16:50,INFO,GUI,[Connect] ✓ Connected to COM3 @ 9600.,
2026-04-20 23:16:59,INFO,AccountManagerUI,Login in to user: administrator - Successfully.,
2026-04-20 23:17:00,INFO,GUI,[Mode Change] Chế độ đã thay đổi thành Manual.,
2026-04-20 23:17:00,INFO,GUI,[Mode Change] Chế độ đã thay đổi thành Manual.,
2026-04-20 23:17:00,INFO,GUI,[Mode Change] Chế độ đã thay đổi thành Manual.,
2026-04-20 23:17:00,INFO,GUI,[Mode Change] Chế độ đã thay đổi thành Manual.,
2026-04-20 23:17:02,INFO,GUI,[Fan Control] Bật quạt,
2026-04-20 23:17:02,INFO,GUI,[Fan Control] Bật quạt,
2026-04-20 23:17:04,INFO,GUI,[Fan Control] Tắt quạt,
2026-04-20 23:17:04,INFO,GUI,[Fan Control] Tắt quạt,
2026-04-20 23:17:07,INFO,GUI,[Buzzer Control] Bật buzzer/alarm,
2026-04-20 23:17:07,INFO,GUI,[Buzzer Control] Bật buzzer/alarm,
2026-04-20 23:17:16,INFO,GUI,[Heater Control] Bật sưởi,
2026-04-20 23:17:16,INFO,GUI,[Heater Control] Bật sưởi,
2026-04-20 23:20:56,INFO,GUI,Closed application,Closed application: finished
2026-04-20 23:20:56,INFO,GUI,[Telemetry] Error updating telemetry: Internal C++ object (PySide6.QtWidgets.QLabel) already deleted.,
2026-04-20 23:21:03,INFO,GUI,[Connect] Connecting to COM3 @ 9600...,
2026-04-20 23:21:07,INFO,ConnectionService,Handshake OK,"PV=0.00,SP=42.00,ERR=42.00,H=0,F=0,MODE=AUTO,ALARM=NONE"
2026-04-20 23:21:07,INFO,ConnectionService,Connected to COM3,
2026-04-20 23:21:07,INFO,GUI,[Connect] ✓ Connected to COM3 @ 9600.,
2026-04-20 23:21:14,WARNING,AccountManagerUI,"Login in to user: administrator - Failed, wrong account or password!",
2026-04-20 23:21:19,WARNING,AccountManagerUI,"Login in to user: administrator - Failed, wrong account or password!",
2026-04-20 23:21:20,WARNING,AccountManagerUI,"Login in to user: administrator - Failed, wrong account or password!",
2026-04-20 23:21:27,INFO,AccountManagerUI,Login in to user: administrator - Successfully.,
2026-04-20 23:21:29,INFO,GUI,[Mode Change] Chế độ đã thay đổi thành Manual.,
2026-04-20 23:21:29,INFO,GUI,[Mode Change] Chế độ đã thay đổi thành Manual.,
2026-04-20 23:21:29,INFO,GUI,[Mode Change] Chế độ đã thay đổi thành Manual.,
2026-04-20 23:21:29,INFO,GUI,[Mode Change] Chế độ đã thay đổi thành Manual.,
2026-04-20 23:21:31,INFO,GUI,[Mode Change] Chế độ đã thay đổi thành Auto.,
2026-04-20 23:21:32,INFO,GUI,[Mode Change] Chế độ đã thay đổi thành Manual.,
2026-04-20 23:21:34,INFO,GUI,[Fan Control] Bật quạt,
2026-04-20 23:21:34,INFO,GUI,[Fan Control] Bật quạt,
2026-04-20 23:21:34,INFO,GUI,[Heater Control] Bật sưởi,
2026-04-20 23:21:34,INFO,GUI,[Heater Control] Bật sưởi,
2026-04-20 23:21:35,INFO,GUI,[Buzzer Control] Bật buzzer/alarm,
2026-04-20 23:21:35,INFO,GUI,[Buzzer Control] Bật buzzer/alarm,
2026-04-20 23:21:43,INFO,GUI,Closed application,Closed application: finished
2026-04-20 23:21:43,INFO,GUI,[Telemetry] Error updating telemetry: Internal C++ object (PySide6.QtWidgets.QLabel) already deleted.,
2026-04-20 23:23:07,INFO,GUI,[Connect] Connecting to COM3 @ 9600...,
2026-04-20 23:23:11,INFO,ConnectionService,Handshake OK,"PV=0.00,SP=42.00,ERR=42.00,H=0,F=0,MODE=AUTO,ALARM=NONE"
2026-04-20 23:23:11,INFO,ConnectionService,Connected to COM3,
2026-04-20 23:23:11,INFO,GUI,[Connect] ✓ Connected to COM3 @ 9600.,
2026-04-20 23:23:24,INFO,AccountManagerUI,Login in to user: administrator - Successfully.,
2026-04-20 23:23:25,INFO,GUI,[Mode Change] Chế độ đã thay đổi thành Manual.,
2026-04-20 23:23:25,INFO,GUI,[Mode Change] Chế độ đã thay đổi thành Manual.,
2026-04-20 23:24:23,INFO,GUI,[Mode Change] Chế độ đã thay đổi thành Auto.,
2026-04-20 23:24:29,INFO,GUI,[Mode Change] Chế độ đã thay đổi thành Manual.,
2026-04-20 23:24:32,INFO,GUI,[Fan Control] Bật quạt,
2026-04-20 23:24:41,INFO,GUI,[Heater Control] Bật sưởi,
2026-04-20 23:24:43,INFO,GUI,[Fan Control] Tắt quạt,
2026-04-20 23:24:43,INFO,GUI,[Heater Control] Tắt sưởi,
2026-04-20 23:24:47,INFO,GUI,[Heater Control] Bật sưởi,
2026-04-20 23:24:49,INFO,GUI,[Buzzer Control] Bật buzzer/alarm,
2026-04-20 23:24:55,INFO,GUI,[Fan Control] Bật quạt,
2026-04-20 23:24:55,INFO,GUI,[Heater Control] Tắt sưởi,
2026-04-20 23:24:58,INFO,GUI,[Fan Control] Tắt quạt,
2026-04-20 23:24:58,INFO,GUI,[Fan Control] Bật quạt,
2026-04-20 23:24:59,INFO,GUI,[Buzzer Control] Tắt buzzer/alarm,
2026-04-20 23:24:59,INFO,GUI,[Buzzer Control] Bật buzzer/alarm,
2026-04-20 23:25:00,INFO,GUI,[Buzzer Control] Tắt buzzer/alarm,
2026-04-20 23:25:00,INFO,GUI,[Buzzer Control] Bật buzzer/alarm,
2026-04-20 23:25:00,INFO,GUI,[Buzzer Control] Tắt buzzer/alarm,
2026-04-20 23:25:00,INFO,GUI,[Buzzer Control] Bật buzzer/alarm,
2026-04-20 23:25:00,INFO,GUI,[Buzzer Control] Tắt buzzer/alarm,
2026-04-20 23:25:01,INFO,GUI,[Buzzer Control] Bật buzzer/alarm,
2026-04-20 23:25:17,INFO,GUI,[Mode Change] Chế độ đã thay đổi thành Auto.,
2026-04-20 23:25:18,INFO,GUI,[Mode Change] Chế độ đã thay đổi thành Manual.,
2026-04-20 23:25:19,INFO,GUI,[Fan Control] Tắt quạt,
2026-04-20 23:25:22,INFO,GUI,[Fan Control] Bật quạt,
2026-04-20 23:25:27,INFO,GUI,Closed application,Closed application: finished
2026-04-20 23:25:27,INFO,GUI,[Telemetry] Error updating telemetry: Internal C++ object (PySide6.QtWidgets.QLabel) already deleted.,
2026-04-20 23:25:49,INFO,GUI,[Connect] Connecting to COM3 @ 9600...,
2026-04-20 23:25:54,INFO,ConnectionService,Handshake OK,"PV=0.00,SP=42.00,ERR=42.00,H=0,F=0,MODE=AUTO,ALARM=NONE"
2026-04-20 23:25:54,INFO,ConnectionService,Connected to COM3,
2026-04-20 23:25:54,INFO,GUI,[Connect] ✓ Connected to COM3 @ 9600.,
2026-04-20 23:26:00,INFO,AccountManagerUI,Login in to user: administrator - Successfully.,
2026-04-20 23:26:01,INFO,GUI,[Mode Change] Chế độ đã thay đổi thành Manual.,
2026-04-20 23:26:01,INFO,GUI,[Mode Change] Chế độ đã thay đổi thành Manual.,
2026-04-20 23:26:03,INFO,GUI,[Fan Control] Bật quạt,
2026-04-20 23:26:04,INFO,GUI,[Heater Control] Bật sưởi,
2026-04-20 23:28:18,INFO,GUI,Closed application,Closed application: finished
2026-04-20 23:28:43,INFO,GUI,[Connect] Connecting to COM3 @ 9600...,
2026-04-20 23:28:47,INFO,ConnectionService,Handshake OK,"PV=0.00,SP=42.00,ERR=42.00,H=0,F=0,MODE=AUTO,ALARM=NONE"
2026-04-20 23:28:47,INFO,ConnectionService,Connected to COM3,
2026-04-20 23:28:47,INFO,GUI,[Connect] ✓ Connected to COM3 @ 9600.,
2026-04-20 23:28:51,INFO,AccountManagerUI,Login in to user: administrator - Successfully.,
2026-04-20 23:28:52,INFO,GUI,[Mode Change] Chế độ đã thay đổi thành Manual.,
2026-04-20 23:28:52,INFO,GUI,[Mode Change] Chế độ đã thay đổi thành Manual.,
2026-04-20 23:29:15,INFO,GUI,[Buzzer Control] Bật buzzer/alarm,
2026-04-20 23:29:26,ERROR,ConnectionService,Read error,"ClearCommError failed (PermissionError(13, 'The device does not recognize the command.', None, 22))"
2026-04-20 23:29:42,INFO,ConnectionService,Disconnected,
2026-04-20 23:29:42,INFO,GUI,[Connect] Disconnected.,
2026-04-20 23:29:44,INFO,GUI,[Refresh] Successfully refreshed COM port list.,
2026-04-20 23:29:48,INFO,GUI,[Refresh] Successfully refreshed COM port list.,
2026-04-20 23:29:48,INFO,GUI,[Refresh] Successfully refreshed COM port list.,
2026-04-20 23:29:48,INFO,GUI,[Refresh] Successfully refreshed COM port list.,
2026-04-20 23:29:48,INFO,GUI,[Refresh] Successfully refreshed COM port list.,
2026-04-20 23:29:49,INFO,GUI,[Refresh] Successfully refreshed COM port list.,
2026-04-20 23:29:49,INFO,GUI,[Refresh] Successfully refreshed COM port list.,
2026-04-20 23:29:49,INFO,GUI,[Refresh] Successfully refreshed COM port list.,
2026-04-20 23:29:49,INFO,GUI,[Refresh] Successfully refreshed COM port list.,
2026-04-20 23:29:50,INFO,GUI,[Connect] Connecting to COM1 @ 9600...,
2026-04-20 23:29:54,WARNING,ConnectionService,No response from Arduino on COM1,
2026-04-20 23:29:54,INFO,GUI,[Connect] ✗ Connection failed - please check the port or Arduino.,
2026-04-20 23:30:07,INFO,GUI,[Refresh] Successfully refreshed COM port list.,
2026-04-20 23:30:08,INFO,GUI,[Refresh] Successfully refreshed COM port list.,
2026-04-20 23:30:08,INFO,GUI,[Refresh] Successfully refreshed COM port list.,
2026-04-20 23:30:08,INFO,GUI,[Refresh] Successfully refreshed COM port list.,
2026-04-20 23:30:09,INFO,GUI,[Refresh] Successfully refreshed COM port list.,
2026-04-20 23:30:09,INFO,GUI,[Refresh] Successfully refreshed COM port list.,
2026-04-20 23:30:09,INFO,GUI,[Refresh] Successfully refreshed COM port list.,
2026-04-20 23:30:09,INFO,GUI,[Refresh] Successfully refreshed COM port list.,
2026-04-20 23:30:09,INFO,GUI,[Refresh] Successfully refreshed COM port list.,
2026-04-20 23:30:10,INFO,GUI,[Refresh] Successfully refreshed COM port list.,
2026-04-20 23:30:10,INFO,GUI,[Refresh] Successfully refreshed COM port list.,
2026-04-20 23:30:10,INFO,GUI,[Refresh] Successfully refreshed COM port list.,
2026-04-20 23:30:10,INFO,GUI,[Refresh] Successfully refreshed COM port list.,
2026-04-20 23:30:10,INFO,GUI,[Refresh] Successfully refreshed COM port list.,
2026-04-20 23:30:11,INFO,GUI,[Refresh] Successfully refreshed COM port list.,
2026-04-20 23:30:11,INFO,GUI,[Refresh] Successfully refreshed COM port list.,
2026-04-20 23:30:11,INFO,GUI,[Refresh] Successfully refreshed COM port list.,
2026-04-20 23:30:11,INFO,GUI,[Refresh] Successfully refreshed COM port list.,
2026-04-20 23:30:11,INFO,GUI,[Refresh] Successfully refreshed COM port list.,
2026-04-20 23:30:11,INFO,GUI,[Refresh] Successfully refreshed COM port list.,
2026-04-20 23:30:12,INFO,GUI,[Refresh] Successfully refreshed COM port list.,
2026-04-20 23:30:14,INFO,GUI,[Connect] Connecting to COM3 @ 9600...,
2026-04-20 23:30:18,INFO,ConnectionService,Handshake OK,"PV=0.00,SP=42.00,ERR=42.00,H=0,F=0,MODE=AUTO,ALARM=NONE"
2026-04-20 23:30:18,INFO,ConnectionService,Connected to COM3,
2026-04-20 23:30:18,INFO,GUI,[Connect] ✓ Connected to COM3 @ 9600.,
2026-04-20 23:30:26,INFO,AccountManagerUI,Login in to user: administrator - Successfully.,
2026-04-20 23:30:28,INFO,GUI,[Mode Change] Chế độ đã thay đổi thành Auto.,
2026-04-20 23:30:30,INFO,GUI,[Mode Change] Chế độ đã thay đổi thành Manual.,
2026-04-20 23:30:31,INFO,GUI,[Fan Control] Bật quạt,
2026-04-20 23:30:32,INFO,GUI,[Fan Control] Tắt quạt,
2026-04-20 23:30:33,INFO,GUI,[Heater Control] Bật sưởi,
2026-04-20 23:30:34,INFO,GUI,[Heater Control] Tắt sưởi,
2026-04-20 23:30:36,INFO,GUI,[Buzzer Control] Tắt buzzer/alarm,
2026-04-20 23:30:36,INFO,GUI,[Buzzer Control] Bật buzzer/alarm,
2026-04-20 23:30:37,INFO,GUI,[Buzzer Control] Tắt buzzer/alarm,
2026-04-20 23:30:39,INFO,GUI,[Mode Change] Chế độ đã thay đổi thành Auto.,
2026-04-20 23:30:49,INFO,GUI,[Mode Change] Chế độ đã thay đổi thành Manual.,
2026-04-20 23:30:50,INFO,GUI,[Fan Control] Bật quạt,
2026-04-20 23:30:51,INFO,GUI,[Fan Control] Tắt quạt,
2026-04-20 23:30:52,INFO,GUI,[Heater Control] Bật sưởi,
2026-04-20 23:30:53,INFO,GUI,[Heater Control] Tắt sưởi,
2026-04-20 23:30:54,INFO,GUI,[Buzzer Control] Bật buzzer/alarm,
2026-04-20 23:30:55,INFO,GUI,[Buzzer Control] Tắt buzzer/alarm,
2026-04-20 23:31:16,INFO,GUI,Closed application,Closed application: finished
2026-04-20 23:31:16,INFO,GUI,[Telemetry] Error updating telemetry: Internal C++ object (PySide6.QtWidgets.QLabel) already deleted.,
2026-04-20 23:32:45,INFO,GUI,[Connect] Connecting to COM3 @ 9600...,
2026-04-20 23:32:49,INFO,ConnectionService,Handshake OK,"PV=0.00,SP=42.00,ERR=42.00,H=0,F=0,MODE=AUTO,ALARM=NONE"
2026-04-20 23:32:49,INFO,ConnectionService,Connected to COM3,
2026-04-20 23:32:49,INFO,GUI,[Connect] ✓ Connected to COM3 @ 9600.,
2026-04-20 23:33:06,INFO,AccountManagerUI,Login in to user: administrator - Successfully.,
2026-04-20 23:33:07,INFO,GUI,[Mode Change] Chế độ đã thay đổi thành Manual.,
2026-04-20 23:33:07,INFO,GUI,[Mode Change] Chế độ đã thay đổi thành Manual.,
2026-04-20 23:33:12,INFO,GUI,[Fan Control] Bật quạt,
2026-04-20 23:33:12,INFO,GUI,[Heater Control] Bật sưởi,
2026-04-20 23:33:14,INFO,GUI,[Mode Change] Chế độ đã thay đổi thành Standard.,
2026-04-20 23:33:15,INFO,GUI,[Mode Change] Chế độ đã thay đổi thành Dual.,
2026-04-20 23:33:17,INFO,GUI,[Mode Change] Chế độ đã thay đổi thành Auto.,
2026-04-20 23:37:01,INFO,GUI,Closed application,Closed application: finished
2026-04-20 23:37:01,INFO,GUI,[Telemetry] Error updating telemetry: Internal C++ object (PySide6.QtWidgets.QLabel) already deleted.,
2026-04-20 23:37:23,INFO,GUI,[Connect] Connecting to COM3 @ 9600...,
2026-04-20 23:37:27,INFO,ConnectionService,Handshake OK,"PV=0.00,SP=42.00,ERR=42.00,H=0,F=0,MODE=AUTO,ALARM=NONE"
2026-04-20 23:37:27,INFO,ConnectionService,Connected to COM3,
2026-04-20 23:37:27,INFO,GUI,[Connect] ✓ Connected to COM3 @ 9600.,
2026-04-20 23:37:32,INFO,AccountManagerUI,Login in to user: administrator - Successfully.,
2026-04-20 23:37:33,INFO,GUI,[Mode Change] Chế độ đã thay đổi thành Manual.,
2026-04-20 23:37:33,INFO,GUI,[Mode Change] Chế độ đã thay đổi thành Manual.,
2026-04-20 23:37:35,INFO,GUI,[Fan Control] Bật quạt,
2026-04-20 23:37:36,INFO,GUI,[Heater Control] Bật sưởi,
2026-04-20 23:37:37,INFO,GUI,[Buzzer Control] Bật buzzer/alarm,
2026-04-20 23:37:42,INFO,GUI,Closed application,Closed application: finished
2026-04-20 23:38:51,INFO,GUI,[Connect] Connecting to COM3 @ 9600...,
2026-04-20 23:38:55,INFO,ConnectionService,Handshake OK,"PV=0.00,SP=42.00,ERR=42.00,H=0,F=0,MODE=AUTO,ALARM=NONE"
2026-04-20 23:38:55,INFO,ConnectionService,Connected to COM3,
2026-04-20 23:38:55,INFO,GUI,[Connect] ✓ Connected to COM3 @ 9600.,
2026-04-20 23:39:30,INFO,AccountManagerUI,Login in to user: administrator - Successfully.,
2026-04-20 23:39:32,INFO,GUI,[Mode Change] Chế độ đã thay đổi thành Manual.,
2026-04-20 23:39:32,INFO,GUI,[Mode Change] Chế độ đã thay đổi thành Manual.,
2026-04-20 23:39:35,INFO,GUI,[Mode Change] Chế độ đã thay đổi thành Auto.,
2026-04-20 23:39:39,INFO,GUI,[Mode Change] Chế độ đã thay đổi thành Manual.,
2026-04-20 23:51:12,INFO,GUI,Closed application,Closed application: finished
2026-04-20 23:51:12,INFO,GUI,[Telemetry] Error updating telemetry: Internal C++ object (PySide6.QtWidgets.QLabel) already deleted.,
2026-04-20 23:53:24,INFO,GUI,[Connect] Connecting to COM3 @ 9600...,
2026-04-20 23:53:29,INFO,ConnectionService,Handshake OK,"PV=0.00,SP=42.00,ERR=42.00,H=0,F=0,MODE=AUTO,ALARM=NONE"
2026-04-20 23:53:29,INFO,ConnectionService,Connected to COM3,
2026-04-20 23:53:29,INFO,GUI,[Connect] ✓ Connected to COM3 @ 9600.,
2026-04-20 23:53:35,INFO,AccountManagerUI,Login in to user: administrator - Successfully.,
2026-04-20 23:53:36,INFO,GUI,[Mode Change] Chế độ đã thay đổi thành Manual.,
2026-04-20 23:53:36,INFO,GUI,[Mode Change] Chế độ đã thay đổi thành Manual.,
2026-04-20 23:53:38,INFO,GUI,[Fan Control] Bật quạt,
2026-04-20 23:53:41,INFO,GUI,[Fan Control] Tắt quạt,
2026-04-20 23:53:42,INFO,GUI,[Heater Control] Bật sưởi,
2026-04-20 23:53:43,INFO,GUI,[Heater Control] Tắt sưởi,
2026-04-20 23:53:43,INFO,GUI,[Buzzer Control] Bật buzzer/alarm,
2026-04-20 23:53:45,INFO,GUI,[Buzzer Control] Tắt buzzer/alarm,
2026-04-20 23:53:46,INFO,GUI,[Buzzer Control] Bật buzzer/alarm,
2026-04-20 23:53:47,INFO,GUI,[Buzzer Control] Tắt buzzer/alarm,
2026-04-20 23:53:48,INFO,GUI,[Buzzer Control] Bật buzzer/alarm,
2026-04-20 23:53:48,INFO,GUI,[Buzzer Control] Tắt buzzer/alarm,
2026-04-20 23:53:51,INFO,GUI,[Fan Control] Bật quạt,
2026-04-20 23:53:59,INFO,GUI,[Mode Change] Chế độ đã thay đổi thành Auto.,
2026-04-20 23:54:01,INFO,GUI,[Mode Change] Chế độ đã thay đổi thành Manual.,
2026-04-20 23:54:02,INFO,GUI,[Fan Control] Tắt quạt,
2026-04-20 23:54:03,INFO,GUI,[Buzzer Control] Bật buzzer/alarm,
2026-04-20 23:54:04,INFO,GUI,[Buzzer Control] Tắt buzzer/alarm,
2026-04-20 23:54:04,INFO,GUI,[Buzzer Control] Bật buzzer/alarm,
2026-04-20 23:54:04,INFO,GUI,[Buzzer Control] Tắt buzzer/alarm,
2026-04-20 23:54:05,INFO,GUI,[Buzzer Control] Bật buzzer/alarm,
2026-04-20 23:54:06,INFO,GUI,[Buzzer Control] Tắt buzzer/alarm,
2026-04-20 23:54:06,INFO,GUI,[Buzzer Control] Bật buzzer/alarm,
2026-04-20 23:54:08,INFO,GUI,[Buzzer Control] Tắt buzzer/alarm,
2026-04-20 23:54:08,INFO,GUI,[Buzzer Control] Bật buzzer/alarm,
2026-04-20 23:54:09,INFO,GUI,[Buzzer Control] Tắt buzzer/alarm,
2026-04-20 23:54:15,INFO,GUI,[Buzzer Control] Bật buzzer/alarm,
2026-04-20 23:54:16,INFO,GUI,[Buzzer Control] Tắt buzzer/alarm,
2026-04-20 23:54:20,INFO,GUI,Closed application,Closed application: finished
2026-04-20 23:54:20,INFO,GUI,[Telemetry] Error updating telemetry: Internal C++ object (PySide6.QtWidgets.QLabel) already deleted.,
2026-04-21 15:32:30,INFO,GUI,[Connect] Connecting to COM3 @ 9600...,
2026-04-21 15:32:37,WARNING,ConnectionService,No response from Arduino on COM3,
2026-04-21 15:32:37,INFO,GUI,[Connect] ✗ Connection failed - please check the port or Arduino.,
2026-04-21 15:32:47,INFO,GUI,[Connect] Connecting to COM1 @ 9600...,
2026-04-21 15:32:51,WARNING,ConnectionService,No response from Arduino on COM1,
2026-04-21 15:32:51,INFO,GUI,[Connect] ✗ Connection failed - please check the port or Arduino.,
2026-04-21 15:32:57,INFO,GUI,[Refresh] Successfully refreshed COM port list.,
2026-04-21 15:32:57,INFO,GUI,[Refresh] Successfully refreshed COM port list.,
2026-04-21 15:32:58,INFO,GUI,[Refresh] Successfully refreshed COM port list.,
2026-04-21 15:33:00,INFO,GUI,[Connect] Connecting to COM3 @ 9600...,
2026-04-21 15:33:04,WARNING,ConnectionService,No response from Arduino on COM3,
2026-04-21 15:33:04,INFO,GUI,[Connect] ✗ Connection failed - please check the port or Arduino.,
2026-04-21 15:33:24,INFO,GUI,[Connect] Connecting to COM3 @ 9600...,
2026-04-21 15:33:28,INFO,ConnectionService,Handshake OK,"PV=0.00,SP=42.00,ERR=42.00,H=0,F=0,MODE=AUTO,ALARM=NONE"
2026-04-21 15:33:28,INFO,ConnectionService,Connected to COM3,
2026-04-21 15:33:28,INFO,GUI,[Connect] ✓ Connected to COM3 @ 9600.,
2026-04-21 15:33:36,WARNING,AccountManagerUI,"Login in to user: administrator - Failed, wrong password for 'administrator'.",
2026-04-21 15:33:44,INFO,AccountManagerUI,Login in to user: administrator - Successfully.,
2026-04-21 15:33:45,INFO,GUI,[Mode Change] Chế độ đã thay đổi thành Manual.,
2026-04-21 15:33:45,INFO,GUI,[Mode Change] Chế độ đã thay đổi thành Manual.,
2026-04-21 15:33:46,INFO,GUI,[Fan Control] Bật quạt,
2026-04-21 15:33:47,INFO,GUI,[Fan Control] Tắt quạt,
2026-04-21 15:33:48,INFO,GUI,[Heater Control] Bật sưởi,
2026-04-21 15:33:49,INFO,GUI,[Heater Control] Tắt sưởi,
2026-04-21 15:33:50,INFO,GUI,[Heater Control] Bật sưởi,
2026-04-21 15:33:51,INFO,GUI,[Heater Control] Tắt sưởi,
2026-04-21 15:33:52,INFO,GUI,[Fan Control] Bật quạt,
2026-04-21 15:34:05,INFO,GUI,[Heater Control] Bật sưởi,
2026-04-21 15:34:06,INFO,GUI,[Fan Control] Tắt quạt,
2026-04-21 15:34:11,INFO,GUI,[Heater Control] Tắt sưởi,
2026-04-21 15:34:11,INFO,GUI,[Heater Control] Bật sưởi,
2026-04-21 15:34:17,INFO,GUI,[Fan Control] Bật quạt,
2026-04-21 15:34:17,INFO,GUI,[Heater Control] Tắt sưởi,
2026-04-21 15:34:19,INFO,GUI,[Heater Control] Bật sưởi,
2026-04-21 15:34:20,INFO,GUI,[Heater Control] Tắt sưởi,
2026-04-21 15:34:20,INFO,GUI,[Fan Control] Tắt quạt,
2026-04-21 15:34:21,INFO,GUI,[Fan Control] Bật quạt,
2026-04-21 15:34:25,INFO,GUI,[Heater Control] Bật sưởi,
2026-04-21 15:34:26,INFO,GUI,[Fan Control] Tắt quạt,
2026-04-21 15:34:27,INFO,GUI,[Fan Control] Bật quạt,
2026-04-21 15:34:42,INFO,GUI,[Fan Control] Tắt quạt,
2026-04-21 15:34:42,INFO,GUI,[Heater Control] Tắt sưởi,
2026-04-21 15:34:44,INFO,GUI,Closed application,Closed application: finished
2026-04-21 15:34:45,INFO,GUI,[Telemetry] Error updating telemetry: Internal C++ object (PySide6.QtWidgets.QLabel) already deleted.,
2026-04-21 15:42:32,INFO,GUI,[Connect] Connecting to COM3 @ 9600...,
2026-04-21 15:42:36,INFO,ConnectionService,Handshake OK,"PV=0.00,SP=42.00,ERR=42.00,H=0,F=0,MODE=AUTO,ALARM=NONE"
2026-04-21 15:42:36,INFO,ConnectionService,Connected to COM3,
2026-04-21 15:42:36,INFO,GUI,[Connect] ✓ Connected to COM3 @ 9600.,
2026-04-21 15:42:37,INFO,AccountManagerUI,Login in to user: administrator - Successfully.,
2026-04-21 15:42:39,INFO,GUI,[Mode Change] Chế độ đã thay đổi thành Manual.,
2026-04-21 15:42:39,INFO,GUI,[Mode Change] Chế độ đã thay đổi thành Manual.,
2026-04-21 15:42:41,INFO,GUI,[Buzzer Control] Bật buzzer/alarm,
2026-04-21 15:42:42,INFO,GUI,[Buzzer Control] Tắt buzzer/alarm,
2026-04-21 15:42:42,INFO,GUI,[Heater Control] Bật sưởi,
2026-04-21 15:42:43,INFO,GUI,[Heater Control] Tắt sưởi,
2026-04-21 15:42:44,INFO,GUI,[Fan Control] Bật quạt,
2026-04-21 15:42:46,INFO,GUI,[Buzzer Control] Bật buzzer/alarm,
2026-04-21 15:42:46,INFO,GUI,[Buzzer Control] Tắt buzzer/alarm,
2026-04-21 15:42:48,INFO,GUI,[Buzzer Control] Bật buzzer/alarm,
2026-04-21 15:42:49,INFO,GUI,[Fan Control] Tắt quạt,
2026-04-21 15:42:50,INFO,GUI,[Buzzer Control] Tắt buzzer/alarm,
2026-04-21 15:42:51,INFO,GUI,[Mode Change] Chế độ đã thay đổi thành Auto.,
2026-04-21 15:44:57,INFO,GUI,[Mode Change] Chế độ đã thay đổi thành Manual.,
2026-04-21 15:44:58,INFO,GUI,[Fan Control] Bật quạt,
2026-04-21 15:45:01,INFO,GUI,[Fan Control] Tắt quạt,
2026-04-21 15:48:06,INFO,ConnectionService,Disconnected,
2026-04-21 15:48:06,INFO,GUI,[Connect] Disconnected.,
2026-04-21 15:48:30,INFO,GUI,[Connect] Connecting to COM3 @ 9600...,
2026-04-21 15:48:34,INFO,ConnectionService,Handshake OK,"PV=0.00,SP=42.00,ERR=42.00,H=0,F=0,MODE=AUTO,ALARM=NONE"
2026-04-21 15:48:34,INFO,ConnectionService,Connected to COM3,
2026-04-21 15:48:34,INFO,GUI,[Connect] ✓ Connected to COM3 @ 9600.,
2026-04-21 15:48:37,INFO,GUI,[Fan Control] Bật quạt,
2026-04-21 15:48:39,INFO,GUI,[Fan Control] Tắt quạt,
2026-04-21 15:48:40,INFO,GUI,[Heater Control] Bật sưởi,
2026-04-21 15:48:40,INFO,GUI,[Heater Control] Tắt sưởi,
2026-04-21 15:48:41,INFO,GUI,[Fan Control] Bật quạt,
2026-04-21 15:48:44,INFO,ConnectionService,Disconnected,
2026-04-21 15:48:44,INFO,GUI,[Connect] Disconnected.,
2026-04-21 15:48:45,INFO,GUI,[Refresh] Successfully refreshed COM port list.,
2026-04-21 15:48:45,INFO,GUI,[Refresh] Successfully refreshed COM port list.,
2026-04-21 15:48:45,INFO,GUI,[Refresh] Successfully refreshed COM port list.,
2026-04-21 15:48:46,INFO,GUI,[Refresh] Successfully refreshed COM port list.,
2026-04-21 15:48:46,INFO,GUI,[Refresh] Successfully refreshed COM port list.,
2026-04-21 15:48:48,INFO,GUI,[Connect] Connecting to COM3 @ 9600...,
2026-04-21 15:48:51,INFO,ConnectionService,Handshake OK,"PV=0.00,SP=42.00,ERR=42.00,H=0,F=0,MODE=AUTO,ALARM=NONE"
2026-04-21 15:48:51,INFO,ConnectionService,Connected to COM3,
2026-04-21 15:48:51,INFO,GUI,[Connect] ✓ Connected to COM3 @ 9600.,
2026-04-21 15:48:54,INFO,GUI,[Fan Control] Tắt quạt,
2026-04-21 15:48:54,INFO,GUI,[Heater Control] Bật sưởi,
2026-04-21 15:48:55,INFO,GUI,[Heater Control] Tắt sưởi,
2026-04-21 15:48:55,INFO,GUI,[Fan Control] Bật quạt,
2026-04-21 15:48:56,INFO,GUI,[Fan Control] Tắt quạt,
2026-04-21 15:48:56,INFO,GUI,[Buzzer Control] Bật buzzer/alarm,
2026-04-21 15:48:57,INFO,GUI,[Buzzer Control] Tắt buzzer/alarm,
2026-04-21 15:49:02,INFO,GUI,[Refresh] Successfully refreshed COM port list.,
2026-04-21 15:49:03,INFO,ConnectionService,Disconnected,
2026-04-21 15:49:03,INFO,GUI,[Connect] Disconnected.,
2026-04-21 15:49:18,INFO,GUI,[Fan Control] Bật quạt,
2026-04-21 15:49:19,INFO,GUI,[Fan Control] Tắt quạt,
2026-04-21 15:49:20,INFO,GUI,[Fan Control] Bật quạt,
2026-04-21 15:49:20,INFO,GUI,[Fan Control] Tắt quạt,
2026-04-21 15:49:21,INFO,GUI,[Fan Control] Bật quạt,
2026-04-21 15:49:21,INFO,GUI,[Fan Control] Tắt quạt,
2026-04-21 15:49:54,INFO,GUI,Closed application,Closed application: finished
2026-04-21 15:51:10,INFO,GUI,[Connect] Connecting to COM1 @ 9600...,
2026-04-21 15:51:17,WARNING,ConnectionService,No response from Arduino on COM1,
2026-04-21 15:51:17,INFO,GUI,[Connect] ✗ Connection failed - please check the port or Arduino.,
2026-04-21 15:51:18,INFO,GUI,[Connect] Connecting to COM3 @ 9600...,
2026-04-21 15:51:22,INFO,ConnectionService,Handshake OK,"                                                                                                                                                                                                PV=0.00,SP=42.00,ERR=42.00,H=0,F=0,MODE=AUTO,ALARM=NONE"
2026-04-21 15:51:22,INFO,ConnectionService,Connected to COM3,
2026-04-21 15:51:22,INFO,GUI,[Connect] ✓ Connected to COM3 @ 9600.,
2026-04-21 15:51:30,WARNING,AccountManagerUI,"Login in to user: administrator - Failed, wrong account or password!",
2026-04-21 15:51:37,WARNING,AccountManagerUI,"Login in to user: administrator - Failed, wrong account or password!",
2026-04-21 15:51:39,WARNING,AccountManagerUI,"Login in to user: administrator - Failed, wrong account or password!",
2026-04-21 15:51:42,INFO,AccountManagerUI,Login in to user: administrator - Successfully.,
2026-04-21 15:51:44,INFO,GUI,[Mode Change] Chế độ đã thay đổi thành Manual.,
2026-04-21 15:51:44,INFO,GUI,[Mode Change] Chế độ đã thay đổi thành Manual.,
2026-04-21 15:51:45,INFO,GUI,[Fan Control] Bật quạt,
2026-04-21 15:51:46,INFO,GUI,[Fan Control] Tắt quạt,
2026-04-21 15:51:47,INFO,GUI,[Heater Control] Bật sưởi,
2026-04-21 15:51:47,INFO,GUI,[Heater Control] Tắt sưởi,
2026-04-21 15:51:48,INFO,GUI,[Buzzer Control] Bật buzzer/alarm,
2026-04-21 15:52:02,INFO,GUI,[Buzzer Control] Tắt buzzer/alarm,
2026-04-21 15:52:04,INFO,GUI,[Buzzer Control] Bật buzzer/alarm,
2026-04-21 15:52:09,INFO,GUI,[Buzzer Control] Tắt buzzer/alarm,
2026-04-21 15:52:51,INFO,GUI,Closed application,Closed application: finished
2026-04-21 15:52:59,INFO,AccountManagerUI,Login in to user: administrator - Successfully.,
2026-04-21 15:53:00,INFO,GUI,[Mode Change] Chế độ đã thay đổi thành Manual.,
2026-04-21 15:53:01,INFO,GUI,[Mode Change] Chế độ đã thay đổi thành Manual.,
2026-04-21 15:53:03,INFO,GUI,[Buzzer Control] On buzzer/alarm,
2026-04-21 15:53:05,INFO,GUI,[Buzzer Control] Off buzzer/alarm,
2026-04-21 15:53:06,INFO,GUI,[Fan Control] Bật quạt,
2026-04-21 15:53:06,INFO,GUI,[Fan Control] Tắt quạt,
2026-04-21 15:53:07,INFO,GUI,[Heater Control] Bật sưởi,
2026-04-21 15:53:08,INFO,GUI,[Fan Control] Bật quạt,
2026-04-21 15:53:09,INFO,GUI,[Fan Control] Tắt quạt,
2026-04-21 15:53:09,INFO,GUI,[Heater Control] Tắt sưởi,
2026-04-21 15:53:10,INFO,GUI,[Buzzer Control] On buzzer/alarm,
2026-04-21 15:53:10,INFO,GUI,[Buzzer Control] Off buzzer/alarm,
2026-04-21 15:53:12,INFO,GUI,[Mode Change] Chế độ đã thay đổi thành Auto.,
2026-04-21 15:53:16,INFO,GUI,[Connect] Connecting to COM3 @ 9600...,
2026-04-21 15:53:20,INFO,ConnectionService,Handshake OK,"PV=0.00,SP=42.00,ERR=42.00,H=0,F=0,MODE=AUTO,ALARM=NONE"
2026-04-21 15:53:20,INFO,ConnectionService,Connected to COM3,
2026-04-21 15:53:20,INFO,GUI,[Connect] ✓ Connected to COM3 @ 9600.,
2026-04-21 15:53:24,INFO,AccountManagerUI,Login in to user: administrator - Successfully.,
2026-04-21 15:53:27,INFO,GUI,[Mode Change] Chế độ đã thay đổi thành Manual.,
2026-04-21 15:53:28,INFO,GUI,[Fan Control] Bật quạt,
2026-04-21 15:53:28,INFO,GUI,[Fan Control] Tắt quạt,
2026-04-21 15:53:29,INFO,GUI,[Buzzer Control] On buzzer/alarm,
2026-04-21 15:53:34,INFO,GUI,[Buzzer Control] Off buzzer/alarm,
2026-04-21 15:53:35,INFO,GUI,[Buzzer Control] On buzzer/alarm,
2026-04-21 15:53:36,INFO,GUI,[Buzzer Control] Off buzzer/alarm,
2026-04-21 15:53:37,INFO,GUI,[Buzzer Control] On buzzer/alarm,
2026-04-21 15:53:38,INFO,GUI,[Buzzer Control] Off buzzer/alarm,
2026-04-21 15:53:38,INFO,GUI,[Buzzer Control] On buzzer/alarm,
2026-04-21 15:53:39,INFO,GUI,[Buzzer Control] Off buzzer/alarm,
2026-04-21 15:53:40,INFO,GUI,[Buzzer Control] On buzzer/alarm,
2026-04-21 15:53:43,INFO,GUI,[Fan Control] Bật quạt,
2026-04-21 15:53:46,INFO,GUI,[Fan Control] Tắt quạt,
2026-04-21 15:53:46,INFO,GUI,[Buzzer Control] Off buzzer/alarm,
2026-04-21 15:53:48,INFO,GUI,[Buzzer Control] On buzzer/alarm,
2026-04-21 15:53:54,INFO,GUI,[Buzzer Control] Off buzzer/alarm,
2026-04-21 15:54:04,INFO,GUI,[Mode Change] Chế độ đã thay đổi thành Dual.,
2026-04-21 15:54:06,INFO,GUI,[Mode Change] Chế độ đã thay đổi thành Manual.,
2026-04-21 15:54:06,INFO,GUI,[Fan Control] Bật quạt,
2026-04-21 15:54:07,INFO,GUI,[Fan Control] Tắt quạt,
2026-04-21 15:54:07,INFO,GUI,[Heater Control] Bật sưởi,
2026-04-21 15:54:08,INFO,GUI,[Heater Control] Tắt sưởi,
2026-04-21 15:54:09,INFO,GUI,[Heater Control] Bật sưởi,
2026-04-21 15:54:09,INFO,GUI,[Fan Control] Bật quạt,
2026-04-21 15:54:10,INFO,GUI,[Fan Control] Tắt quạt,
2026-04-21 15:54:11,INFO,GUI,[Fan Control] Bật quạt,
2026-04-21 15:54:11,INFO,GUI,[Fan Control] Tắt quạt,
2026-04-21 15:54:12,INFO,GUI,[Heater Control] Tắt sưởi,
2026-04-21 15:54:12,INFO,GUI,[Fan Control] Bật quạt,
2026-04-21 15:54:13,INFO,GUI,[Heater Control] Bật sưởi,
2026-04-21 15:54:14,INFO,GUI,[Heater Control] Tắt sưởi,
2026-04-21 15:54:15,INFO,GUI,[Fan Control] Tắt quạt,
2026-04-21 15:54:15,INFO,GUI,[Fan Control] Bật quạt,
2026-04-21 15:54:16,INFO,GUI,[Heater Control] Bật sưởi,
2026-04-21 15:54:17,INFO,GUI,[Fan Control] Tắt quạt,
2026-04-21 15:54:17,INFO,GUI,[Fan Control] Bật quạt,
2026-04-21 15:54:18,INFO,GUI,[Buzzer Control] On buzzer/alarm,
2026-04-21 15:54:25,INFO,GUI,[Fan Control] Tắt quạt,
2026-04-21 15:54:26,INFO,GUI,[Heater Control] Tắt sưởi,
2026-04-21 15:54:26,INFO,GUI,[Buzzer Control] Off buzzer/alarm,
2026-04-21 15:54:42,INFO,GUI,[Buzzer Control] On buzzer/alarm,
2026-04-21 15:54:45,INFO,GUI,[Buzzer Control] Off buzzer/alarm,
2026-04-21 15:54:46,INFO,GUI,[Buzzer Control] On buzzer/alarm,
2026-04-21 15:54:54,INFO,GUI,[Buzzer Control] Off buzzer/alarm,
2026-04-21 15:55:12,INFO,GUI,[Buzzer Control] On buzzer/alarm,
2026-04-21 15:55:20,INFO,GUI,[Buzzer Control] Off buzzer/alarm,
2026-04-21 15:56:01,INFO,GUI,[Fan Control] Bật quạt,
2026-04-21 15:56:02,INFO,GUI,[Fan Control] Tắt quạt,
2026-04-21 15:56:03,INFO,GUI,[Buzzer Control] On buzzer/alarm,
2026-04-21 15:56:05,INFO,GUI,[Buzzer Control] Off buzzer/alarm,
2026-04-21 15:56:08,INFO,GUI,[Fan Control] Bật quạt,
2026-04-21 15:56:10,INFO,GUI,[Fan Control] Tắt quạt,
2026-04-21 15:56:11,INFO,GUI,[Buzzer Control] On buzzer/alarm,
2026-04-21 15:56:14,INFO,GUI,[Buzzer Control] Off buzzer/alarm,
2026-04-21 15:56:15,INFO,GUI,[Buzzer Control] On buzzer/alarm,
2026-04-21 15:56:17,INFO,GUI,[Buzzer Control] Off buzzer/alarm,
2026-04-21 15:56:18,INFO,GUI,[Buzzer Control] On buzzer/alarm,
2026-04-21 15:56:19,INFO,GUI,[Buzzer Control] Off buzzer/alarm,
2026-04-21 16:04:53,INFO,GUI,[Buzzer Control] On buzzer/alarm,
2026-04-21 16:05:02,INFO,GUI,[Mode Change] Chế độ đã thay đổi thành Auto.,
2026-04-21 16:05:14,INFO,GUI,Closed application,Closed application: finished
